,course_title,Category,course_organization,course_Certificate_type,course_rating,course_difficulty,course_students_enrolled
0,(ISC)簡 Systems Security Certified Practitioner (SSCP),Information Technology,(ISC)簡,SPECIALIZATION,4.7,Beginner,5.3k
1,A Crash Course in Causality:  Inferring Causal Effects from Observational Data,Business,University of Pennsylvania,COURSE,4.7,Intermediate,17k
2,A Crash Course in Data Science,Data Science,Johns Hopkins University,COURSE,4.5,Mixed,130k
3,A Law Student's Toolkit,Social Sciences,Yale University,COURSE,4.7,Mixed,91k
4,A Life of Happiness and Fulfillment,Health,Indian School of Business,COURSE,4.8,Mixed,320k
5,ADHD: Everyday Strategies for Elementary Students,Health,University at Buffalo,COURSE,4.7,Beginner,39k
6,AI For Everyone,Business,deeplearning.ai,COURSE,4.8,Beginner,350k
7,AI For Medical Treatment,Data Science,deeplearning.ai,COURSE,4.8,Intermediate,2.4k
8,AI Foundations for Everyone,Data Science,IBM,SPECIALIZATION,4.7,Beginner,61k
9,AI for Medical Diagnosis,Data Science,deeplearning.ai,COURSE,4.7,Intermediate,12k
10,AI for Medical Prognosis,Health,deeplearning.ai,COURSE,4.6,Intermediate,4k
11,AI for Medicine,Data Science,deeplearning.ai,SPECIALIZATION,4.7,Intermediate,13k
12,AWS Fundamentals,Information Technology,Amazon Web Services,SPECIALIZATION,4.6,Beginner,130k
13,AWS Fundamentals: Addressing Security Risk,Information Technology,Amazon Web Services,COURSE,4.3,Beginner,11k
14,AWS Fundamentals: Building Serverless Applications,Information Technology,Amazon Web Services,COURSE,4.7,Beginner,27k
15,AWS Fundamentals: Going Cloud-Native,Information Technology,Amazon Web Services,COURSE,4.7,Beginner,110k
16,AWS Fundamentals: Migrating to the Cloud,Information Technology,Amazon Web Services,COURSE,4.5,Intermediate,13k
17,Aboriginal Worldviews and Education,Social Sciences,University of Toronto,COURSE,4.7,Mixed,6.6k
18,Academic English: Writing,Business,"University of California, Irvine",SPECIALIZATION,4.7,Beginner,540k
19,Accelerated Computer Science Fundamentals,Computer Science,University of Illinois at Urbana-Champaign,SPECIALIZATION,4.7,Intermediate,22k
20,Access Controls,Information Technology,(ISC)簡,COURSE,4.6,Beginner,2.9k
21,Accounting Analytics,Business,University of Pennsylvania,COURSE,4.5,Mixed,80k
22,Accounting for Decision Making,Business,University of Michigan,COURSE,4.8,Intermediate,9.9k
23,Achieving Personal and Professional Success,Personal Development,University of Pennsylvania,SPECIALIZATION,4.7,Beginner,110k
24,Actualizaci籀n en el manejo del paciente con diabetes mellitus tipo 2,Health,Universidad Nacional Aut籀noma de M矇xico,COURSE,4.8,Mixed,23k
25,Addiction Treatment: Clinical Skills for Healthcare Providers,Health,Yale University,COURSE,4.8,Beginner,9.2k
26,Advanced Business Analytics,Data Science,University of Colorado Boulder,SPECIALIZATION,4.5,Intermediate,78k
27,Advanced Data Science with IBM,Data Science,IBM,SPECIALIZATION,4.4,Advanced,320k
28,Advanced Machine Learning,Data Science,National Research University Higher School of Economics,SPECIALIZATION,4.5,Advanced,190k
29,Advanced Machine Learning with TensorFlow on Google Cloud Platform,Data Science,Google Cloud,SPECIALIZATION,4.5,Advanced,35k
30,"Advanced Valuation and Strategy - M&A, Private Equity, and Venture Capital",Business,Erasmus University Rotterdam,COURSE,4.7,Advanced,29k
31,Advertising and Society,Social Sciences,Duke University,COURSE,4.8,Mixed,14k
32,Age of Cathedrals,Arts and Humanities,Yale University,COURSE,4.7,Beginner,21k
33,Agile Development,Business,University of Virginia,SPECIALIZATION,4.7,Beginner,94k
34,Agile Meets Design Thinking,Computer Science,University of Virginia,COURSE,4.7,Beginner,69k
35,Agile with Atlassian Jira,Computer Science,Atlassian,COURSE,4.7,Beginner,40k
36,Agile 邽 Scrum 赲 ?訄訇郋?迮 郇訄迡 郈?郋迮郕?訄邾邽 邽 郈?郋迡?郕?訄邾邽,Business,ScrumTrek,COURSE,4.9,Beginner,12k
37,Algorithmic Toolbox,Computer Science,University of California San Diego,COURSE,4.7,Intermediate,220k
38,Algorithms,Computer Science,Stanford University,SPECIALIZATION,4.8,Intermediate,150k
39,Algorithms for Battery Management Systems,Computer Science,University of Colorado System,SPECIALIZATION,4.8,Intermediate,14k
40,American Contract Law I,Social Sciences,Yale University,COURSE,4.9,Beginner,18k
41,An Introduction to American Law,Business,University of Pennsylvania,COURSE,4.8,Beginner,23k
42,An Introduction to Consumer Neuroscience & Neuromarketing,Business,Copenhagen Business School,COURSE,4.7,Beginner,69k
43,An Introduction to Programming the Internet of Things (IOT),Business,"University of California, Irvine",SPECIALIZATION,4.6,Beginner,270k
44,Analysing: Numeric and digital literacies,Business,Macquarie University,SPECIALIZATION,4.6,Beginner,7.9k
45,Anatomy,Health,University of Michigan,SPECIALIZATION,4.8,Beginner,30k
46,"Anatomy of the Chest, Abdomen, and Pelvis",Health,Yale University,COURSE,4.8,Intermediate,36k
47,Anatomy: Musculoskeletal and Integumentary Systems,Health,University of Michigan,COURSE,4.8,Beginner,20k
48,Ancient Philosophy: Aristotle and His Successors,Arts and Humanities,University of Pennsylvania,COURSE,4.8,Mixed,8.1k
49,Android App Development,Computer Science,Vanderbilt University,SPECIALIZATION,4.5,Beginner,120k
50,Animal Behaviour and Welfare,Health,The University of Edinburgh,COURSE,4.8,Mixed,71k
51,Antibiotic Stewardship,Health,Stanford University,COURSE,4.5,Advanced,11k
52,Anticorrupci籀n: Introducci籀n a conceptos y perspectiva pr獺ctica,Social Sciences,Universidad Nacional Aut籀noma de M矇xico,COURSE,4.8,Beginner,11k
53,Antimicrobial resistance - theory and methods,Health,Technical University of Denmark (DTU),COURSE,4.6,Intermediate,63k
54,Applied Data Science,Data Science,IBM,SPECIALIZATION,4.6,Beginner,220k
55,Applied Data Science Capstone,Data Science,IBM,COURSE,4.7,Intermediate,42k
56,Applied Data Science with Python,Data Science,University of Michigan,SPECIALIZATION,4.5,Intermediate,480k
57,Applied Machine Learning in Python,Data Science,University of Michigan,COURSE,4.6,Intermediate,150k
58,"Applied Plotting, Charting & Data Representation in Python",Data Science,University of Michigan,COURSE,4.6,Intermediate,97k
59,Aprende a programar con Python,Computer Science,Universidad Austral,SPECIALIZATION,4.2,Beginner,6.6k
60,Aprender,Social Sciences,Universidad Nacional Aut籀noma de M矇xico,COURSE,4.8,Mixed,200k
61,Aprendiendo a aprender: Poderosas herramientas mentales con las que podr獺s dominar temas dif穩ciles (Learning How to Learn),Personal Development,University of California San Diego,COURSE,4.9,Beginner,180k
62,Architecting with Google Cloud Platform ?交隤?,Computer Science,Google Cloud,SPECIALIZATION,4.5,Intermediate,4.2k
63,Architecting with Google Compute Engine,Information Technology,Google Cloud,SPECIALIZATION,4.7,Intermediate,310k
64,Architecting with Google Kubernetes Engine ?交隤?,Computer Science,Google Cloud,SPECIALIZATION,4.5,Beginner,3.9k
65,Arizona State University TESOL,Language Learning,Arizona State University,PROFESSIONAL CERTIFICATE,4.9,Beginner,150k
66,Art & Activity: Interactive Strategies for Engaging with Art,Arts and Humanities,The Museum of Modern Art,COURSE,4.8,Mixed,79k
67,Art & Ideas: Teaching with Themes,Arts and Humanities,The Museum of Modern Art,COURSE,4.8,Mixed,31k
68,Arts and Culture Strategy,Arts and Humanities,National Arts Strategies,COURSE,4.6,Mixed,15k
69,Arts and Heritage Management,Arts and Humanities,Universit? Bocconi,COURSE,4.8,Mixed,15k
70,Aspectos b獺sicos de la planificaci籀n y la gesti籀n de proyectos,Business,University of Virginia,COURSE,4.9,Beginner,10k
71,Astrobiology and the Search for Extraterrestrial Life,Physical Science and Engineering,The University of Edinburgh,COURSE,4.7,Mixed,66k
72,Atenci籀n Primaria en Salud: El desaf穩o de las Enfermedades no Transmisibles,Health,Pontificia Universidad Cat籀lica de Chile,COURSE,4.8,Intermediate,33k
73,Autism Spectrum Disorder,Health,"University of California, Davis",COURSE,4.6,Mixed,56k
74,Autodesk CAD/CAM for Manufacturing,Physical Science and Engineering,Autodesk,SPECIALIZATION,4.8,Intermediate,7.3k
75,Autodesk CAD/CAM/CAE for Mechanical Engineering,Physical Science and Engineering,Autodesk,SPECIALIZATION,4.8,Intermediate,9.2k
76,Autodesk Certified Professional: AutoCAD for Design and Drafting Exam Prep,Physical Science and Engineering,Autodesk,COURSE,4.7,Advanced,22k
77,Autodesk Certified Professional: Revit for Architectural Design Exam Prep,Physical Science and Engineering,Autodesk,COURSE,4.7,Advanced,9.7k
78,BIM Fundamentals for Engineers,Physical Science and Engineering,National Taiwan University,COURSE,4.6,Beginner,13k
79,Basic Statistics,Data Science,University of Amsterdam,COURSE,4.6,Beginner,180k
80,Bayesian Statistics: From Concept to Data Analysis,Data Science,"University of California, Santa Cruz",COURSE,4.8,Intermediate,91k
81,Bayesian Statistics: Techniques and Models,Data Science,"University of California, Santa Cruz",COURSE,4.8,Intermediate,29k
82,Become a CBRS Certified Professional Installer by Google,Information Technology,Google - Spectrum Sharing,COURSE,4.9,Mixed,210k
83,Become a Journalist: Report the News!,Arts and Humanities,Michigan State University,SPECIALIZATION,4.7,Beginner,28k
84,Become a Sustainable Business Change Agent,Business,University of Colorado System,SPECIALIZATION,4.7,Intermediate,4.2k
85,Becoming a Sports Agent,Business,Case Western Reserve University,COURSE,4.7,Beginner,6.5k
86,Becoming a changemaker: Introduction to Social Innovation,Business,University of Cape Town,COURSE,4.8,Beginner,61k
87,Behavioral Finance,Business,Duke University,COURSE,4.4,Mixed,55k
88,Beyond the Sustainable Development Goals (SDGs): Addressing Sustainability and Development,Business,University of Michigan,COURSE,4.6,Mixed,2.3k
89,Big Data ??Introducci籀n al uso pr獺ctico de datos masivos,Data Science,Universitat Aut簷noma de Barcelona,SPECIALIZATION,4.5,Beginner,8.8k
90,Biohacking Your Brain's Health,Business,Emory University,COURSE,4.6,Beginner,35k
91,Biology Meets Programming: Bioinformatics for Beginners,Health,University of California San Diego,COURSE,4.4,Beginner,88k
92,Biostatistics in Public Health,Health,Johns Hopkins University,SPECIALIZATION,4.8,Beginner,14k
93,Blended Language Learning: Design and Practice for Teachers,Language Learning,University of Colorado Boulder,COURSE,4.8,Intermediate,1.9k
94,Blockchain,Business,University at Buffalo,SPECIALIZATION,4.6,Intermediate,68k
95,Blockchain Revolution,Computer Science,INSEAD,SPECIALIZATION,4.7,Beginner,21k
96,Blockchain Revolution in Financial Services,Business,INSEAD,SPECIALIZATION,4.6,Beginner,1.6k
97,Blockchain: Foundations and Use Cases,Business,ConsenSys Academy,COURSE,4.7,Beginner,31k
98,Boosting Creativity for Innovation,Business,HEC Paris,COURSE,4.9,Beginner,9.5k
99,"Brand Management: Aligning Business, Brand and Behaviour",Business,London Business School,COURSE,4.9,Beginner,57k
100,Branding: The Creative Journey,Business,IE Business School,SPECIALIZATION,4.6,Beginner,26k
101,Budgeting and Scheduling Projects,Business,"University of California, Irvine",COURSE,4.7,Mixed,84k
102,Bugs 101: Insect-Human Interactions,Health,University of Alberta,COURSE,4.9,Beginner,15k
103,Build a Modern Computer from First Principles: From Nand to Tetris (Project-Centered Course),Computer Science,Hebrew University of Jerusalem,COURSE,4.9,Mixed,95k
104,Building Batch Data Pipelines on GCP,Information Technology,Google Cloud,COURSE,4.5,Intermediate,7.3k
105,Building Conversational Experiences with Dialogflow,Computer Science,Google Cloud,COURSE,4.5,Beginner,22k
106,Building Resilient Streaming Analytics Systems on GCP,Information Technology,Google Cloud,COURSE,4.6,Intermediate,5.8k
107,Building Scalable Java Microservices with Spring Boot and Spring Cloud,Computer Science,Google Cloud,COURSE,4.3,Intermediate,24k
108,Building Your Leadership Skills,Business,HEC Paris,COURSE,4.5,Mixed,67k
109,Business Analytics,Data Science,University of Pennsylvania,SPECIALIZATION,4.6,Beginner,280k
110,Business English,Language Learning,Arizona State University,SPECIALIZATION,4.7,Intermediate,38k
111,Business English Communication Skills,Business,University of Washington,SPECIALIZATION,4.7,Intermediate,120k
112,Business English: Networking,Language Learning,University of Washington,COURSE,4.7,Intermediate,77k
113,Business Foundations,Business,University of Pennsylvania,SPECIALIZATION,4.7,Beginner,510k
114,Business Model Innovation,Business,HEC Paris,COURSE,4.7,Mixed,13k
115,Business Statistics and Analysis,Data Science,Rice University,SPECIALIZATION,4.7,Beginner,110k
116,Business Strategies for A Better World,Business,University of Pennsylvania,SPECIALIZATION,4.7,Beginner,24k
117,Business Strategy,Business,University of Virginia,SPECIALIZATION,4.7,Beginner,89k
118,Business Technology Management,Business,Indian School of Business,SPECIALIZATION,4.5,Beginner,67k
119,Business Transformation with Google Cloud,Business,Google Cloud,COURSE,4.7,Beginner,10k
120,Business Writing,Business,University of Colorado Boulder,COURSE,4.8,Beginner,48k
121,Business and Financial Modeling,Business,University of Pennsylvania,SPECIALIZATION,4.5,Beginner,160k
122,C for Everyone: Programming Fundamentals,Computer Science,"University of California, Santa Cruz",COURSE,4.5,Beginner,31k
123,C# Programming for Unity Game Development,Computer Science,University of Colorado System,SPECIALIZATION,4.7,Beginner,36k
124,COVID-19 Contact Tracing,Data Science,Johns Hopkins University,COURSE,4.9,Beginner,220k
125,COVID-19: What You Need to Know (CME Eligible),Health,Osmosis,COURSE,4.8,Beginner,32k
126,"Cameras, Exposure, and Photography",Arts and Humanities,Michigan State University,COURSE,4.7,Mixed,130k
127,Camino a la Excelencia en Gesti籀n de Proyectos,Business,Pontificia Universidad Cat籀lica de Chile,COURSE,4.7,Beginner,340k
128,"Capstone: Retrieving, Processing, and Visualizing Data with Python",Data Science,University of Michigan,COURSE,4.6,Mixed,82k
129,Career Success,Business,"University of California, Irvine",SPECIALIZATION,4.4,Beginner,790k
130,Challenging Forensic Science: How Science Should Speak to Court,Social Sciences,University of Lausanne,COURSE,4.8,Beginner,31k
131,Chemicals and Health,Health,Johns Hopkins University,COURSE,4.7,Beginner,23k
132,Chicken Behaviour and Welfare,Health,The University of Edinburgh,COURSE,4.7,Mixed,19k
133,Child Nutrition and Cooking,Health,Stanford University,COURSE,4.7,Beginner,30k
134,Chinese for HSK 1,Language Learning,Peking University,COURSE,4.8,Beginner,22k
135,Cisco Networking Basics,Information Technology,Cisco,SPECIALIZATION,4.7,Beginner,57k
136,Classical Sociological Theory,Social Sciences,University of Amsterdam,COURSE,4.8,Mixed,51k
137,Claves de la Direcci籀n de Empresas,Business,IESE Business School,SPECIALIZATION,4.8,Beginner,51k
138,Climate Change and Health: From Science to Action,Health,Yale University,SPECIALIZATION,4.6,Beginner,4.8k
139,Clinical Terminology for International and U.S. Students,Health,University of Pittsburgh,COURSE,4.8,Beginner,32k
140,Cloud Computing,Computer Science,University of Illinois at Urbana-Champaign,SPECIALIZATION,4.4,Intermediate,110k
141,Cloud Computing Basics (Cloud 101),Information Technology,LearnQuest,COURSE,4.5,Beginner,37k
142,Cloud Engineering with Google Cloud,Data Science,Google Cloud,PROFESSIONAL CERTIFICATE,4.7,Intermediate,310k
143,Coaching Skills for Managers,Business,"University of California, Davis",SPECIALIZATION,4.7,Intermediate,37k
144,Code Yourself! An Introduction to Programming,Computer Science,The University of Edinburgh,COURSE,4.7,Beginner,120k
145,Communication Skills for Engineers,Business,Rice University,SPECIALIZATION,4.7,Beginner,15k
146,Communication Strategies for a Virtual Age,Business,University of Toronto,COURSE,4.8,Beginner,43k
147,Compassionate Leadership Through Service Learning with Jane Goodall and Roots & Shoots,Business,University of Colorado Boulder,COURSE,4.9,Beginner,6.4k
148,"Competencias digitales. Herramientas de ofim獺tica (Microsoft Word, Excel, Power Point)",Personal Development,Universitat Aut簷noma de Barcelona,COURSE,4.7,Beginner,43k
149,Competitive Strategy and Organization Design,Business,Ludwig-Maximilians-Universit瓣t M羹nchen (LMU),SPECIALIZATION,4.7,Intermediate,350k
150,Computational Social Science,Data Science,"University of California, Davis",SPECIALIZATION,4.6,Beginner,5.8k
151,Computational Thinking for Problem Solving,Computer Science,University of Pennsylvania,COURSE,4.8,Beginner,33k
152,Computer Security and Systems Management,Information Technology,University of Colorado System,SPECIALIZATION,4.6,Beginner,27k
153,Conflict Management,Business,"University of California, Irvine",SPECIALIZATION,4.3,Beginner,66k
154,Construction Cost Estimating and Cost Control,Business,Columbia University,COURSE,4.7,Beginner,19k
155,Construction Management,Business,Columbia University,SPECIALIZATION,4.7,Beginner,61k
156,Construction Project Management,Business,Columbia University,COURSE,4.8,Beginner,43k
157,Construction Scheduling,Business,Columbia University,COURSE,4.8,Beginner,15k
158,Contabilidad para no contadores,Business,Universidad Nacional Aut籀noma de M矇xico,COURSE,4.7,Beginner,220k
159,Content Strategy for Professionals,Business,Northwestern University,SPECIALIZATION,4.5,Beginner,27k
160,Continuous Delivery & DevOps,Computer Science,University of Virginia,COURSE,4.6,Beginner,26k
161,Control of Mobile Robots,Physical Science and Engineering,Georgia Institute of Technology,COURSE,4.8,Mixed,49k
162,Convolutional Neural Networks,Computer Science,deeplearning.ai,COURSE,4.9,Intermediate,240k
163,Convolutional Neural Networks in TensorFlow,Computer Science,deeplearning.ai,COURSE,4.7,Intermediate,46k
164,Corporate & Commercial Law I: Contracts & Employment Law,Business,University of Illinois at Urbana-Champaign,COURSE,4.8,Intermediate,10k
165,Corporate Finance Essentials,Business,IESE Business School,COURSE,4.8,Mixed,56k
166,Corporate Strategy,Business,UCL School of Management,COURSE,4.8,Beginner,7.8k
167,Corporate Sustainability. Understanding and Seizing the Strategic Opportunity,Business,Universit? Bocconi,COURSE,4.6,Mixed,10k
168,"Correcci籀n, estilo y  variaciones de la lengua espa簽ola",Language Learning,Universitat Aut簷noma de Barcelona,COURSE,4.6,Beginner,75k
169,Cost and Economics in Pricing Strategy,Business,University of Virginia,COURSE,4.8,Beginner,15k
170,Costos para los Negocios,Business,Universidad de Chile,COURSE,4.8,Intermediate,43k
171,Crash Course on Python,Data Science,Google,COURSE,4.8,Beginner,81k
172,Creative Problem Solving,Personal Development,University of Minnesota,COURSE,4.3,Mixed,140k
173,Creative Writing,Arts and Humanities,Wesleyan University,SPECIALIZATION,4.6,Beginner,140k
174,Creative Writing: The Craft of Plot,Language Learning,Wesleyan University,COURSE,4.7,Mixed,120k
175,"Creatividad, dise簽o e innovaci籀n: T矇cnicas y herramientas",Social Sciences,Arizona State University,SPECIALIZATION,4.7,Beginner,150k
176,Cuidado de heridas en el 獺mbito hospitalario,Health,Universidad Nacional Aut籀noma de M矇xico,COURSE,4.8,Intermediate,26k
177,Cuidados y procedimientos generales en la atenci籀n del reci矇n nacido,Health,Universidad de Chile,COURSE,4.8,Intermediate,22k
178,Culture-Driven Team Building,Business,University of Pennsylvania,SPECIALIZATION,4.6,Beginner,17k
179,Curanderismo: Traditional Healing Using Plants,Arts and Humanities,University of New Mexico,COURSE,4.6,Beginner,5.5k
180,Customer Segmentation and Prospecting,Business,Northwestern University,COURSE,4.7,Beginner,18k
181,Cybersecurity,Information Technology,"University of Maryland, College Park",SPECIALIZATION,4.5,Intermediate,99k
182,Cybersecurity and Its Ten Domains,Information Technology,University System of Georgia,COURSE,4.2,Beginner,140k
183,Cybersecurity for Business,Information Technology,University of Colorado System,SPECIALIZATION,4.6,Beginner,23k
184,C籀mo hablar bien en p繳blico,Personal Development,Universitat Aut簷noma de Barcelona,COURSE,4.8,Beginner,55k
185,Dairy Production and Management,Health,The Pennsylvania State University,COURSE,4.8,Mixed,23k
186,Data Analysis and Interpretation,Data Science,Wesleyan University,SPECIALIZATION,4.4,Beginner,100k
187,Data Analysis and Presentation Skills: the PwC Approach,Business,PwC,SPECIALIZATION,4.6,Beginner,220k
188,Data Analysis with Python,Data Science,IBM,COURSE,4.7,Beginner,110k
189,Data Analytics for Lean Six Sigma,Data Science,University of Amsterdam,COURSE,4.8,Beginner,24k
190,Data Collection and Processing with Python,Data Science,University of Michigan,COURSE,4.7,Intermediate,19k
191,Data Engineering on Google Cloud Platform ?交隤?,Data Science,Google Cloud,SPECIALIZATION,4.4,Intermediate,3k
192,Data Engineering with Google Cloud,Computer Science,Google Cloud,PROFESSIONAL CERTIFICATE,4.6,Intermediate,120k
193,"Data Engineering, Big Data, and Machine Learning on GCP",Data Science,Google Cloud,SPECIALIZATION,4.6,Intermediate,120k
194,Data Management for Clinical Research,Health,Vanderbilt University,COURSE,4.7,Beginner,42k
195,Data Mining,Data Science,University of Illinois at Urbana-Champaign,SPECIALIZATION,4.4,Intermediate,140k
196,Data Science,Data Science,Johns Hopkins University,SPECIALIZATION,4.5,Beginner,830k
197,Data Science Math Skills,Math and Logic,Duke University,COURSE,4.5,Beginner,140k
198,Data Science Methodology,Data Science,IBM,COURSE,4.6,Beginner,89k
199,Data Science: Foundations using R,Data Science,Johns Hopkins University,SPECIALIZATION,4.6,Beginner,740k
200,Data Science: Statistics and Machine Learning,Data Science,Johns Hopkins University,SPECIALIZATION,4.4,Intermediate,210k
201,Data Visualization and Communication with Tableau,Data Science,Duke University,COURSE,4.7,Mixed,130k
202,Data Visualization with Advanced Excel,Data Science,PwC,COURSE,4.8,Beginner,60k
203,Data Visualization with Python,Data Science,IBM,COURSE,4.6,Intermediate,66k
204,Data Visualization with Tableau,Data Science,"University of California, Davis",SPECIALIZATION,4.5,Beginner,96k
205,Data Warehousing for Business Intelligence,Data Science,University of Colorado System,SPECIALIZATION,4.5,Advanced,140k
206,Data and Health Indicators in Public Health Practice,Health,Johns Hopkins University,COURSE,4.7,Beginner,18k
207,Data-driven Decision Making,Business,PwC,COURSE,4.6,Beginner,120k
208,Databases and SQL for Data Science,Data Science,IBM,COURSE,4.7,Beginner,110k
209,De-Mystifying Mindfulness,Personal Development,Universiteit Leiden,COURSE,4.8,Beginner,150k
210,Decision-Making and Scenarios,Business,University of Pennsylvania,COURSE,4.6,Mixed,31k
211,Deep Learning,Data Science,deeplearning.ai,SPECIALIZATION,4.8,Intermediate,690k
212,Democracia y decisiones p繳blicas. Introducci籀n al an獺lisis de pol穩ticas p繳blicas,Social Sciences,Universitat Aut簷noma de Barcelona,COURSE,4.8,Beginner,44k
213,Dentistry 101,Health,University of Michigan,COURSE,4.7,Beginner,4.5k
214,Dermatology: Trip to skin,Health,Novosibirsk State University ,COURSE,4.4,Beginner,8.2k
215,Design Thinking for Innovation,Business,University of Virginia,COURSE,4.6,Beginner,240k
216,Design Thinking for the Greater Good: Innovation in the Social Sector,Social Sciences,University of Virginia,COURSE,4.6,Beginner,17k
217,Design and Interpretation of Clinical Trials,Health,Johns Hopkins University,COURSE,4.7,Mixed,67k
218,Design and Make Infographics (Project-Centered Course),Data Science,Michigan State University,COURSE,4.7,Mixed,97k
219,Design-Led Strategy: Design thinking for business strategy and entrepreneurship,Business,The University of Sydney,COURSE,4.6,Intermediate,19k
220,Developing APIs with Google Cloud's Apigee API Platform,Computer Science,Google Cloud,SPECIALIZATION,4.6,Intermediate,16k
221,Developing Applications with Google Cloud Platform,Computer Science,Google Cloud,SPECIALIZATION,4.7,Intermediate,300k
222,Developing Applications with Google Cloud Platform ?交隤?,Computer Science,Google Cloud,SPECIALIZATION,4.8,Intermediate,4k
223,Developing Industrial Internet of Things,Computer Science,University of Colorado Boulder,SPECIALIZATION,4.6,Intermediate,8k
224,Developing Your Musicianship,Arts and Humanities,Berklee College of Music,COURSE,4.8,Mixed,41k
225,Developing Your Musicianship,Arts and Humanities,Berklee College of Music,SPECIALIZATION,4.8,Beginner,54k
226,Devenir entrepreneur du changement,Business,Ticket for Change,COURSE,4.7,Mixed,54k
227,Digital Advertising Strategy,Business,University of Colorado Boulder,SPECIALIZATION,4.4,Beginner,9k
228,Digital Business Models,Business,Lund University,COURSE,4.5,Beginner,21k
229,Digital Manufacturing & Design Technology,Business,University at Buffalo,SPECIALIZATION,4.6,Beginner,37k
230,Digital Marketing,Business,University of Illinois at Urbana-Champaign,SPECIALIZATION,4.6,Beginner,380k
231,Digital Media and Marketing Strategies,Business,University of Illinois at Urbana-Champaign,COURSE,4.4,Mixed,57k
232,Digital Product Management,Computer Science,University of Virginia,SPECIALIZATION,4.7,Beginner,140k
233,Digital Product Management: Modern Fundamentals,Business,University of Virginia,COURSE,4.7,Beginner,58k
234,Dino 101: Dinosaur Paleobiology,Health,University of Alberta,COURSE,4.5,Beginner,35k
235,Discrete Optimization,Computer Science,The University of Melbourne,COURSE,4.9,Intermediate,40k
236,Dise簽o Instruccional: Aprendizaje activo y Pedagog穩a digital,Social Sciences,Tecnol籀gico de Monterrey,SPECIALIZATION,4.6,Beginner,4k
237,Dise簽o y Creaci籀n de un Emprendimiento Social,Business,Pontificia Universidad Cat籀lica de Chile,COURSE,4.9,Beginner,21k
238,"Divide and Conquer, Sorting and Searching, and Randomized Algorithms",Computer Science,Stanford University,COURSE,4.8,Intermediate,130k
239,Dog Emotion and Cognition,Health,Duke University,COURSE,4.6,Mixed,150k
240,Driving business towards the Sustainable Development Goals,Business,Erasmus University Rotterdam,COURSE,4.8,Beginner,5.6k
241,Drug Commercialization,Health,University of California San Diego,COURSE,4.7,Beginner,17k
242,Drug Discovery,Health,University of California San Diego,COURSE,4.6,Beginner,39k
243,Dynamic Public Speaking,Business,University of Washington,SPECIALIZATION,4.7,Beginner,110k
244,EMT Foundations,Health,University of Colorado System,COURSE,4.8,Beginner,7.1k
245,Ecology: Ecosystem Dynamics and Conservation,Health,American Museum of Natural History,COURSE,4.8,Intermediate,18k
246,Econometrics: Methods and Applications,Business,Erasmus University Rotterdam,COURSE,4.7,Mixed,110k
247,Economics of Money and Banking,Business,Columbia University,COURSE,4.9,Mixed,83k
248,Ecosystem Services: a Method for Sustainable Development,Business,University of Geneva,COURSE,4.7,Intermediate,16k
249,Effective Compliance Programs,Business,University of Pennsylvania,COURSE,4.9,Mixed,3.4k
250,Egiptolog穩a (Egyptology),Arts and Humanities,Universitat Aut簷noma de Barcelona,COURSE,4.9,Beginner,46k
251,El Abogado del Futuro: Legaltech y la Transformaci籀n Digital del Derecho,Business,Universidad Austral,COURSE,5,Beginner,1.5k
252,Elastic Google Cloud Infrastructure: Scaling and Automation,Information Technology,Google Cloud,COURSE,4.7,Intermediate,57k
253,Electric Industry Operations and Markets,Physical Science and Engineering,Duke University,COURSE,4.8,Beginner,12k
254,Electronic Music Production,Arts and Humanities,Berklee College of Music,SPECIALIZATION,4.8,Intermediate,110k
255,Emerging Technologies: From Smartphones to IoT to Big Data,Information Technology,Yonsei University,SPECIALIZATION,4.6,Beginner,17k
256,"Energy Production, Distribution & Safety",Business,University at Buffalo,SPECIALIZATION,4.7,Beginner,37k
257,Engineering Health: Introduction to Yoga and Physiology,Health,New York University,COURSE,4.8,Beginner,14k
258,Engineering Project Management: Initiating and Planning,Business,Rice University,COURSE,4.7,Beginner,23k
259,English Composition I,Language Learning,Duke University,COURSE,4.6,Beginner,200k
260,English for Business and Entrepreneurship,Business,University of Pennsylvania,COURSE,4.8,Beginner,230k
261,English for Career Development,Language Learning,University of Pennsylvania,COURSE,4.8,Mixed,760k
262,English for Journalism,Language Learning,University of Pennsylvania,COURSE,4.8,Mixed,130k
263,English for Research Publication Purposes,Language Learning,Moscow Institute of Physics and Technology,SPECIALIZATION,4.6,Intermediate,42k
264,"English for Science, Technology, Engineering, and Mathematics",Language Learning,University of Pennsylvania,COURSE,4.8,Beginner,110k
265,Enterprise Architecture,Business,Peter the Great St. Petersburg Polytechnic University,COURSE,4.4,Beginner,2.4k
266,Entrepreneurial Finance: Strategy and Innovation,Business,Duke University,SPECIALIZATION,4.5,Intermediate,7.9k
267,Entrepreneurship,Business,University of Pennsylvania,SPECIALIZATION,4.8,Beginner,110k
268,Entrepreneurship 1: Developing the Opportunity,Business,University of Pennsylvania,COURSE,4.8,Mixed,86k
269,Entrepreneurship 2: Launching your Start-Up,Business,University of Pennsylvania,COURSE,4.8,Mixed,38k
270,Entrepreneurship 3: Growth Strategies,Business,University of Pennsylvania,COURSE,4.7,Beginner,31k
271,Entrepreneurship Strategy: From Ideation to Exit,Business,HEC Paris,COURSE,4.8,Beginner,20k
272,Entrepreneurship: Launching an Innovative Business,Business,"University of Maryland, College Park",SPECIALIZATION,4.6,Beginner,69k
273,Epidemics - the Dynamics of Infectious Diseases,Health,The Pennsylvania State University,COURSE,4.8,Mixed,45k
274,"Epidemics, Pandemics and Outbreaks",Social Sciences,University of Pittsburgh,COURSE,4.7,Mixed,23k
275,Epidemiology for Public Health,Health,Imperial College London,SPECIALIZATION,4.7,Beginner,6.4k
276,Epidemiology in Public Health Practice,Health,Johns Hopkins University,SPECIALIZATION,4.7,Beginner,31k
277,Epidemiology: The Basic Science of Public Health,Health,The University of North Carolina at Chapel Hill,COURSE,4.6,Mixed,130k
278,Epigenetic Control of Gene Expression,Health,The University of Melbourne,COURSE,4.8,Mixed,35k
279,Equine Welfare and Management,Business,"University of California, Davis",COURSE,4.8,Beginner,7.2k
280,Esports,Business,"University of California, Irvine",SPECIALIZATION,4.5,Beginner,1.8k
281,Essential Epidemiologic Tools for Public Health Practice,Health,Johns Hopkins University,COURSE,4.7,Beginner,14k
282,Essential Google Cloud Infrastructure: Core Services,Computer Science,Google Cloud,COURSE,4.7,Intermediate,68k
283,Essential Google Cloud Infrastructure: Foundation,Information Technology,Google Cloud,COURSE,4.7,Intermediate,83k
284,Essentials in Clinical Simulations Across the Health Professions,Health,The George Washington University,COURSE,4.8,Intermediate,4.1k
285,Essentials of Corporate Finance,Business,The University of Melbourne,SPECIALIZATION,4.6,Intermediate,54k
286,Essentials of Global Health,Health,Yale University,COURSE,4.8,Mixed,31k
287,Estad穩stica y probabilidad,Math and Logic,Universidad Nacional Aut籀noma de M矇xico,COURSE,4.7,Beginner,27k
288,Evaluaci籀n educativa,Social Sciences,Universidad Nacional Aut籀noma de M矇xico,SPECIALIZATION,4.8,Beginner,13k
289,"Everyday Excel, Part 1",Business,University of Colorado Boulder,COURSE,4.8,Beginner,11k
290,Everyday Parenting: The ABCs of Child Rearing,Health,Yale University,COURSE,4.9,Beginner,86k
291,Excel Skills for Business,Business,Macquarie University,SPECIALIZATION,4.9,Beginner,240k
292,Excel Skills for Business: Advanced,Business,Macquarie University,COURSE,4.7,Intermediate,39k
293,Excel Skills for Business: Essentials,Business,Macquarie University,COURSE,4.9,Beginner,200k
294,Excel Skills for Business: Intermediate I,Business,Macquarie University,COURSE,4.9,Intermediate,76k
295,Excel Skills for Business: Intermediate II,Business,Macquarie University,COURSE,4.8,Intermediate,39k
296,Excel to MySQL: Analytic Techniques for Business,Business,Duke University,SPECIALIZATION,4.6,Beginner,490k
297,Excel/VBA for Creative Problem Solving,Computer Science,University of Colorado Boulder,SPECIALIZATION,4.8,Beginner,56k
298,"Excel/VBA for Creative Problem Solving, Part 1",Computer Science,University of Colorado Boulder,COURSE,4.8,Beginner,54k
299,Executive Data Science,Data Science,Johns Hopkins University,SPECIALIZATION,4.5,Beginner,170k
300,Explorando la Energ穩a Sustentable,Physical Science and Engineering,Pontificia Universidad Cat籀lica de Chile,COURSE,4.8,Beginner,28k
301,Fashion as Design,Business,The Museum of Modern Art,COURSE,4.8,Beginner,180k
302,Feminism and Social Justice,Social Sciences,"University of California, Santa Cruz",COURSE,4.8,Beginner,18k
303,FinTech Law and Policy,Business,Duke University,COURSE,4.8,Beginner,9.7k
304,FinTech: Finance Industry Transformation and Regulation,Business,The Hong Kong University of Science and Technology,SPECIALIZATION,4.6,Beginner,13k
305,"FinTech: Foundations, Payments, and Regulations",Business,University of Pennsylvania,COURSE,4.7,Beginner,12k
306,Finance & Quantitative Modeling for Analysts,Business,University of Pennsylvania,SPECIALIZATION,4.5,Beginner,260k
307,Finance for Non-Finance Professionals,Business,Rice University,COURSE,4.8,Beginner,69k
308,Finance for Non-Financial Managers,Business,Emory University,COURSE,4.4,Intermediate,12k
309,Financial Accounting Fundamentals,Business,University of Virginia,COURSE,4.8,Beginner,65k
310,Financial Acumen for Non-Financial Managers,Business,University of Pennsylvania,COURSE,4.5,Beginner,10k
311,Financial Engineering and Risk Management Part I,Business,Columbia University,COURSE,4.6,Mixed,100k
312,Financial Management,Business,University of Illinois at Urbana-Champaign,SPECIALIZATION,4.7,Intermediate,76k
313,Financial Markets,Business,Yale University,COURSE,4.8,Beginner,470k
314,Financial Markets and Investment Strategy,Business,Indian School of Business,SPECIALIZATION,4.5,Beginner,60k
315,Financial Reporting,Business,University of Illinois at Urbana-Champaign,SPECIALIZATION,4.8,Intermediate,12k
316,Financial Technology (Fintech) Innovations,Business,University of Michigan,SPECIALIZATION,4.7,Beginner,6.5k
317,Financing and Investing in Infrastructure,Business,Universit? Bocconi,COURSE,4.8,Mixed,24k
318,Finanzas corporativas,Business,Universidad Nacional Aut籀noma de M矇xico,SPECIALIZATION,4.6,Intermediate,30k
319,Finanzas personales,Business,Universidad Nacional Aut籀noma de M矇xico,COURSE,4.8,Mixed,310k
320,Finding Purpose and Meaning In Life: Living for What Matters Most,Personal Development,University of Michigan,COURSE,4.7,Beginner,36k
321,Fintech: Foundations & Applications of Financial Technology,Business,University of Pennsylvania,SPECIALIZATION,4.6,Beginner,20k
322,First Step Korean,Language Learning,Yonsei University,COURSE,4.9,Beginner,400k
323,Food & Beverage Management,Business,Universit? Bocconi,COURSE,4.8,Mixed,57k
324,Forensic Accounting and Fraud Examination,Business,West Virginia University,COURSE,4.7,Mixed,42k
325,Formulaci籀n y evaluaci籀n de proyectos complejos,Business,Universidad de los Andes,COURSE,4.9,Intermediate,4.4k
326,Foundational Finance for Strategic Decision Making,Business,University of Michigan,SPECIALIZATION,4.8,Beginner,14k
327,Foundations of Business Strategy,Business,University of Virginia,COURSE,4.8,Beginner,63k
328,Foundations of Everyday Leadership,Business,University of Illinois at Urbana-Champaign,COURSE,4.8,Mixed,62k
329,Foundations of Global Health,Health,Johns Hopkins University,SPECIALIZATION,4.7,Beginner,31k
330,Foundations of Management,Business,IESE Business School,SPECIALIZATION,4.8,Beginner,64k
331,Foundations of Marketing Analytics,Business,Emory University,SPECIALIZATION,4.2,Intermediate,27k
332,Foundations of Positive Psychology,Business,University of Pennsylvania,SPECIALIZATION,4.8,Beginner,89k
333,Foundations of Public Health Practice,Health,Imperial College London,SPECIALIZATION,4.8,Beginner,3.2k
334,From Data to Insights with Google Cloud Platform,Information Technology,Google Cloud,SPECIALIZATION,4.6,Beginner,26k
335,From the Big Bang to Dark Energy,Physical Science and Engineering,The University of Tokyo,COURSE,4.8,Beginner,52k
336,Front-End Web Development with React,Computer Science,The Hong Kong University of Science and Technology,COURSE,4.7,Intermediate,45k
337,Front-End Web UI Frameworks and Tools: Bootstrap 4,Computer Science,The Hong Kong University of Science and Technology,COURSE,4.8,Intermediate,89k
338,Full Stack Web and Multiplatform Mobile App Development,Computer Science,The Hong Kong University of Science and Technology,SPECIALIZATION,4.7,Intermediate,150k
339,Full-Stack Web Development with React,Computer Science,The Hong Kong University of Science and Technology,SPECIALIZATION,4.7,Intermediate,140k
340,Functional Programming Principles in Scala,Computer Science,?cole Polytechnique F矇d矇rale de Lausanne,COURSE,4.8,Intermediate,170k
341,Functional Programming in Scala,Computer Science,?cole Polytechnique F矇d矇rale de Lausanne,SPECIALIZATION,4.7,Intermediate,220k
342,Fundamental Neuroscience for Neuroimaging,Health,Johns Hopkins University,COURSE,4.6,Beginner,30k
343,Fundamentals of Accounting,Business,University of Illinois at Urbana-Champaign,SPECIALIZATION,4.6,Beginner,39k
344,Fundamentals of Computing,Computer Science,Rice University,SPECIALIZATION,4.8,Beginner,200k
345,Fundamentals of Engineering Exam Review,Physical Science and Engineering,Georgia Institute of Technology,COURSE,4.7,Mixed,49k
346,Fundamentals of GIS,Physical Science and Engineering,"University of California, Davis",COURSE,4.8,Beginner,86k
347,Fundamentals of Graphic Design,Arts and Humanities,California Institute of the Arts,COURSE,4.8,Beginner,290k
348,Fundamentals of Immunology,Health,Rice University,SPECIALIZATION,4.7,Intermediate,20k
349,Fundamentals of Immunology: Innate Immunity and B-Cell Function,Health,Rice University,COURSE,4.7,Intermediate,18k
350,Fundamentals of Music Theory,Arts and Humanities,The University of Edinburgh,COURSE,4.6,Beginner,180k
351,Fundamentals of Project Planning and Management,Business,University of Virginia,COURSE,4.7,Beginner,120k
352,Fundamentals of Quantitative Modeling,Business,University of Pennsylvania,COURSE,4.6,Mixed,110k
353,Fundamentals of Reinforcement Learning,Data Science,University of Alberta,COURSE,4.8,Intermediate,22k
354,Fundamentals of Visualization with Tableau,Data Science,"University of California, Davis",COURSE,4.5,Beginner,81k
355,Fundamentos Empresariales,Business,University of Pennsylvania,SPECIALIZATION,4.6,Beginner,25k
356,Fundamentos Estrat矇gicos Empresariales,Business,Universidad Nacional Aut籀noma de M矇xico,SPECIALIZATION,4.6,Beginner,56k
357,Fundamentos de Excel para Negocios,Data Science,Universidad Austral,COURSE,4.7,Beginner,150k
358,Fundamentos de Finanzas Empresariales,Business,Universidad de los Andes,COURSE,4.8,Beginner,110k
359,Fundamentos de la escritura,Social Sciences,Tecnol籀gico de Monterrey,COURSE,4.6,Beginner,47k
360,Fundraising and Development,Business,"University of California, Davis",SPECIALIZATION,4.6,Beginner,4.9k
361,Futures Thinking,Business,Institute for the Future,SPECIALIZATION,4.8,Beginner,9.4k
362,G Suite Administration,Information Technology,Google Cloud,SPECIALIZATION,4.7,Beginner,10k
363,"GIS, Mapping, and Spatial Analysis",Data Science,University of Toronto,SPECIALIZATION,4.8,Beginner,140k
364,Game Design and Development,Business,Michigan State University,SPECIALIZATION,4.7,Intermediate,100k
365,Game Theory,Business,Stanford University,COURSE,4.6,Beginner,260k
366,Gamification,Business,University of Pennsylvania,COURSE,4.8,Mixed,110k
367,Gender and Sexuality: Diversity and Inclusion in the Workplace,Health,University of Pittsburgh,COURSE,4.7,Beginner,14k
368,Genomic Data Science,Data Science,Johns Hopkins University,SPECIALIZATION,4.4,Intermediate,80k
369,Geographic Information Systems  (GIS),Data Science,"University of California, Davis",SPECIALIZATION,4.8,Beginner,97k
370,Geopolitics of Europe,Social Sciences,Sciences Po,COURSE,4.3,Mixed,19k
371,Geopol穩tica y gobernanza global: riesgos y oportunidades,Business,ESADE Business and Law School,COURSE,4.8,Mixed,34k
372,Gesti籀n de organizaciones efectivas,Business,Pontificia Universidad Cat籀lica de Chile,COURSE,4.7,Mixed,47k
373,Get Interactive: Practical Teaching with Technology,Social Sciences,Bloomsbury Learning Exchange,COURSE,4.7,Beginner,14k
374,Getting Started With Music Theory,Arts and Humanities,Michigan State University,COURSE,4.5,Beginner,59k
375,Getting Started with AWS Machine Learning,Data Science,Amazon Web Services,COURSE,4.5,Intermediate,73k
376,Getting Started with Go,Business,"University of California, Irvine",COURSE,4.6,Intermediate,59k
377,Getting Started with Google Kubernetes Engine,Information Technology,Google Cloud,COURSE,4.5,Intermediate,75k
378,Getting Started with Google Sheets,Business,Google Cloud,COURSE,4.6,Beginner,18k
379,Getting Started with SAS Programming,Data Science,SAS,COURSE,4.9,Beginner,22k
380,Global Diplomacy ??Diplomacy in the Modern World,Business,SOAS University of London,COURSE,4.6,Mixed,79k
381,Global Diplomacy: the United Nations in the World,Social Sciences,SOAS University of London,COURSE,4.7,Beginner,29k
382,Global Energy and Climate Policy,Social Sciences,SOAS University of London,COURSE,4.5,Beginner,10k
383,Global Environmental Management,Business,Technical University of Denmark (DTU),COURSE,4.6,Intermediate,22k
384,Global Financial Markets and Instruments,Business,Rice University,COURSE,4.6,Mixed,37k
385,Global Financing Solutions  (by EDHEC and Soci矇t矇 G矇n矇rale),Business,EDHEC Business School,COURSE,4.6,Intermediate,3.6k
386,Global Trends for Business and Society,Business,University of Pennsylvania,COURSE,4.8,Mixed,7.6k
387,"Globalization, Economic Growth and Stability",Business,IE Business School,SPECIALIZATION,4.8,Intermediate,44k
388,Good with Words: Writing and Editing,Language Learning,University of Michigan,SPECIALIZATION,4.6,Beginner,3.8k
389,Google Cloud Platform Big Data and Machine Learning Fundamentals,Data Science,Google Cloud,COURSE,4.6,Intermediate,120k
390,Google Cloud Platform Fundamentals for AWS Professionals,Computer Science,Google Cloud,COURSE,4.7,Intermediate,36k
391,Google IT Automation with Python,Computer Science,Google,PROFESSIONAL CERTIFICATE,4.7,Beginner,93k
392,Google IT Support,Information Technology,Google,PROFESSIONAL CERTIFICATE,4.8,Beginner,350k
393,Grammar and Punctuation,Language Learning,"University of California, Irvine",COURSE,4.7,Mixed,430k
394,Graphic Design Elements for Non-Designers,Arts and Humanities,University of Colorado Boulder,SPECIALIZATION,4.7,Beginner,10k
395,Greek and Roman Mythology,Arts and Humanities,University of Pennsylvania,COURSE,4.8,Mixed,260k
396,Greening the Economy: Sustainable Cities,Business,Lund University,COURSE,4.6,Beginner,56k
397,Guitar for Beginners,Arts and Humanities,Berklee College of Music,COURSE,4.8,Mixed,210k
398,Gut Check: Exploring Your Microbiome,Health,University of California San Diego,COURSE,4.7,Mixed,62k
399,"HTML, CSS, and Javascript for Web Developers",Computer Science,Johns Hopkins University,COURSE,4.8,Mixed,240k
400,Habilidades Gerenciales,Personal Development,Universidad Nacional Aut籀noma de M矇xico,SPECIALIZATION,4.7,Beginner,43k
401,Hacia una pr獺ctica constructivista en el aula,Social Sciences,Pontificia Universidad Cat籀lica de Chile,COURSE,4.8,Mixed,62k
402,Hardware Description Languages for FPGA Design,Physical Science and Engineering,University of Colorado Boulder,COURSE,4.2,Intermediate,7.4k
403,Healing with the Arts,Computer Science,University of Florida,COURSE,4.6,Mixed,39k
404,Health Informatics,Health,Johns Hopkins University,SPECIALIZATION,4.5,Beginner,8.1k
405,Health Information Literacy for Data Analytics,Health,"University of California, Davis",SPECIALIZATION,4.5,Intermediate,5.4k
406,Healthcare Law,Health,University of Pennsylvania,SPECIALIZATION,4.7,Intermediate,1.7k
407,Healthcare Marketplace,Health,University of Minnesota,SPECIALIZATION,4.4,Beginner,36k
408,Healthcare Organization Operations,Health,Rutgers the State University of New Jersey,SPECIALIZATION,4.6,Beginner,5.5k
409,"High Performance Collaboration: Leadership, Teamwork, and Negotiation",Business,Northwestern University,COURSE,4.8,Mixed,46k
410,Homeland Security and Cybersecurity,Social Sciences,University of Colorado System,SPECIALIZATION,4.7,Beginner,5.5k
411,"Hotel Management: Distribution, Revenue and Demand Management",Business,ESSEC Business School,SPECIALIZATION,4.6,Beginner,28k
412,How Things Work: An Introduction to Physics,Physical Science and Engineering,University of Virginia,COURSE,4.8,Intermediate,170k
413,How To Create a Website in a Weekend! (Project-Centered Course),Computer Science,The State University of New York,COURSE,3.3,Mixed,140k
414,How to Start Your Own Business,Business,Michigan State University,SPECIALIZATION,4.1,Beginner,34k
415,Human Resource Management: HR for People Managers,Business,University of Minnesota,SPECIALIZATION,4.7,Beginner,98k
416,IBM AI Engineering,Data Science,IBM,PROFESSIONAL CERTIFICATE,4.6,Intermediate,140k
417,IBM AI Enterprise Workflow,Data Science,IBM,SPECIALIZATION,4.4,Advanced,3.5k
418,IBM Applied AI,Data Science,IBM,PROFESSIONAL CERTIFICATE,4.6,Beginner,220k
419,IBM Customer Engagement Specialist Professional Certificate,Business,IBM,COURSE,4.8,Beginner,3.3k
420,IBM Data Science,Data Science,IBM,PROFESSIONAL CERTIFICATE,4.6,Beginner,480k
421,IT Fundamentals for Cybersecurity,Information Technology,IBM,SPECIALIZATION,4.5,Beginner,35k
422,IT Security: Defense against the digital dark arts,Information Technology,Google,COURSE,4.8,Beginner,62k
423,"Identifying, Monitoring, and Analyzing Risk and Incident Response and Recovery",Information Technology,(ISC)簡,COURSE,4.9,Beginner,1.7k
424,Implementaci籀n del Marketing Mix,Business,IE Business School,SPECIALIZATION,4.7,Beginner,23k
425,Implementing RPA with Cognitive Automation and Analytics,Computer Science,Automation Anywhere,SPECIALIZATION,4.6,Beginner,2.2k
426,Improve Your English Communication Skills,Language Learning,Georgia Institute of Technology,SPECIALIZATION,4.7,Beginner,610k
427,"Improving Deep Neural Networks: Hyperparameter tuning, Regularization and Optimization",Computer Science,deeplearning.ai,COURSE,4.9,Beginner,270k
428,Improving Leadership & Governance in Nonprofit Organizations,Business,Luther College at the University of Regina,SPECIALIZATION,4.4,Beginner,18k
429,In the Studio: Postwar Abstract Painting,Arts and Humanities,The Museum of Modern Art,COURSE,4.9,Beginner,79k
430,Indigenous Canada,Arts and Humanities,University of Alberta,COURSE,4.8,Mixed,51k
431,Industrial IoT on Google Cloud Platform,Computer Science,Google Cloud,COURSE,4.5,Beginner,34k
432,Infectious Disease Modelling,Health,Imperial College London,SPECIALIZATION,5,Intermediate,1.6k
433,Influencer Marketing Strategy,Business,Rutgers the State University of New Jersey,COURSE,4.4,Intermediate,12k
434,"Influencing: Storytelling, Change Management and Governance",Business,Macquarie University,SPECIALIZATION,4.8,Beginner,22k
435,Information Security: Context and Introduction,Information Technology,"Royal Holloway, University of London",COURSE,4.6,Beginner,32k
436,Information Visualization,Data Science,New York University,SPECIALIZATION,4.6,Beginner,10k
437,Information???ystems,Information Technology,University of Minnesota,SPECIALIZATION,4.7,Beginner,16k
438,Initiating and Planning Projects,Business,"University of California, Irvine",COURSE,4.7,Mixed,180k
439,Innovation Management,Business,Erasmus University Rotterdam,COURSE,4.6,Beginner,40k
440,"Innovation Through Design: Think, Make, Break, Repeat",Business,The University of Sydney,COURSE,4.8,Beginner,10k
441,Innovation: From Creativity to Entrepreneurship,Business,University of Illinois at Urbana-Champaign,SPECIALIZATION,4.8,Beginner,25k
442,Inspirational Leadership: Leading with Sense,Business,HEC Paris,SPECIALIZATION,4.5,Beginner,72k
443,Inspired Leadership,Business,Case Western Reserve University,SPECIALIZATION,4.7,Intermediate,97k
444,Inspiring and Motivating Individuals,Business,University of Michigan,COURSE,4.8,Mixed,85k
445,Instructional Design Foundations and Applications,Social Sciences,University of Illinois at Urbana-Champaign,COURSE,4.2,Mixed,12k
446,Instructional Methods in Health Professions Education,Health,University of Michigan,COURSE,4.6,Intermediate,9.7k
447,Integrative Health and Medicine,Health,University of Minnesota,SPECIALIZATION,4.8,Beginner,14k
448,Intellectual Property Law,Business,University of Pennsylvania,SPECIALIZATION,4.8,Intermediate,8.7k
449,Interaction Design,Computer Science,University of California San Diego,SPECIALIZATION,4.5,Intermediate,150k
450,Intercultural Management,Business,ESCP Business School,COURSE,4.6,Beginner,6.5k
451,International Business Essentials,Business,University of London,SPECIALIZATION,4.5,Intermediate,22k
452,International Cyber Conflicts,Computer Science,The State University of New York,COURSE,4.4,Mixed,25k
453,International Humanitarian Law in Theory and Practice,Arts and Humanities,Kalshoven-Gieskes Forum,COURSE,4.8,Beginner,22k
454,International Law in Action: A Guide to the International Courts and Tribunals in The Hague,Social Sciences,Universiteit Leiden,COURSE,4.8,Mixed,36k
455,International Law in Action: the Arbitration of International Disputes,Business,Universiteit Leiden,COURSE,4.8,Mixed,19k
456,International Leadership and Organizational Behavior,Business,Universit? Bocconi,COURSE,4.8,Mixed,41k
457,International Marketing & Cross Industry Growth,Business,Yonsei University,SPECIALIZATION,4.6,Beginner,26k
458,International Organizations Management,Business,University of Geneva,COURSE,4.8,Beginner,20k
459,International Security Management,Business,Erasmus University Rotterdam,COURSE,4.5,Beginner,2.2k
460,International Women's Health and Human Rights,Health,Stanford University,COURSE,4.9,Beginner,35k
461,International migrations: a global issue,Business,Sciences Po,COURSE,4.6,Beginner,11k
462,Internet Connection: How to Get Online?,Information Technology,Cisco,COURSE,4.7,Beginner,36k
463,Internet Giants: The Law and Economics of Media Platforms,Social Sciences,The University of Chicago,COURSE,4.8,Mixed,38k
464,Interviewing and Resume Writing in English,Language Learning,"University of Maryland, College Park",SPECIALIZATION,4.6,Intermediate,66k
465,Introducci籀n a Data Science: Programaci籀n Estad穩stica con R,Data Science,Universidad Nacional Aut籀noma de M矇xico,COURSE,4.7,Beginner,140k
466,Introducci籀n a la programaci籀n en Python I: Aprendiendo a programar con Python,Data Science,Pontificia Universidad Cat籀lica de Chile,COURSE,4.4,Beginner,100k
467,Introduction aux Droits de l?omme,Social Sciences,University of Geneva,COURSE,4.8,Mixed,46k
468,Introduction to Ableton Live,Arts and Humanities,Berklee College of Music,COURSE,4.8,Mixed,60k
469,Introduction to Artificial Intelligence (AI),Computer Science,IBM,COURSE,4.7,Beginner,44k
470,Introduction to Big Data,Data Science,University of California San Diego,COURSE,4.6,Mixed,160k
471,Introduction to Blockchain Technologies,Business,INSEAD,COURSE,4.7,Beginner,16k
472,Introduction to Breast Cancer,Health,Yale University,COURSE,4.9,Mixed,27k
473,Introduction to Business Analytics: Communicating with Data,Data Science,University of Illinois at Urbana-Champaign,COURSE,4.7,Intermediate,14k
474,Introduction to CSS3,Computer Science,University of Michigan,COURSE,4.8,Mixed,84k
475,Introduction to Calculus,Math and Logic,The University of Sydney,COURSE,4.8,Intermediate,53k
476,Introduction to Chemistry:  Reactions and Ratios,Physical Science and Engineering,Duke University,COURSE,4.8,Beginner,46k
477,Introduction to Classical Music,Arts and Humanities,Yale University,COURSE,4.9,Mixed,150k
478,Introduction to Cloud Computing,Information Technology,IBM,COURSE,4.6,Beginner,2.6k
479,Introduction to Computer Programming,Computer Science,"Goldsmiths, University of London",COURSE,4.3,Beginner,20k
480,Introduction to Computer Science and Programming,Computer Science,"Goldsmiths, University of London",SPECIALIZATION,4.3,Beginner,32k
481,Introduction to Corporate Finance,Business,University of Pennsylvania,COURSE,4.6,Mixed,130k
482,Introduction to Cyber Attacks,Information Technology,New York University,COURSE,4.7,Beginner,27k
483,Introduction to Cyber Security,Information Technology,New York University,SPECIALIZATION,4.7,Beginner,32k
484,Introduction to Cybersecurity Tools & Cyber Attacks,Information Technology,IBM,COURSE,4.5,Beginner,30k
485,Introduction to Data Analysis Using Excel,Data Science,Rice University,COURSE,4.7,Mixed,99k
486,Introduction to Data Science,Data Science,IBM,SPECIALIZATION,4.6,Beginner,310k
487,Introduction to Data Science in Python,Data Science,University of Michigan,COURSE,4.5,Intermediate,390k
488,Introduction to Dental Medicine,Health,University of Pennsylvania,COURSE,4.8,Beginner,25k
489,Introduction to Discrete Mathematics for Computer Science,Computer Science,National Research University Higher School of Economics,SPECIALIZATION,4.4,Beginner,75k
490,Introduction to Electronics,Physical Science and Engineering,Georgia Institute of Technology,COURSE,4.7,Mixed,110k
491,Introduction to Embedded Systems Software and Development Environments,Computer Science,University of Colorado Boulder,COURSE,4.5,Intermediate,41k
492,Introduction to Engineering Mechanics,Physical Science and Engineering,Georgia Institute of Technology,COURSE,4.7,Mixed,150k
493,Introduction to Environmental Law and Policy,Social Sciences,The University of North Carolina at Chapel Hill,COURSE,4.8,Mixed,34k
494,Introduction to Financial Accounting,Business,University of Pennsylvania,COURSE,4.7,Mixed,200k
495,Introduction to Forensic Science,Health,"Nanyang Technological University, Singapore",COURSE,4.9,Mixed,47k
496,Introduction to Game Development,Computer Science,Michigan State University,COURSE,4.8,Mixed,79k
497,Introduction to Genetics and Evolution,Health,Duke University,COURSE,4.8,Mixed,74k
498,Introduction to Genomic Technologies,Data Science,Johns Hopkins University,COURSE,4.6,Mixed,42k
499,Introduction to HTML5,Computer Science,University of Michigan,COURSE,4.7,Mixed,220k
500,Introduction to Imagemaking,Arts and Humanities,California Institute of the Arts,COURSE,4.5,Beginner,54k
501,Introduction to Intellectual Property,Business,University of Pennsylvania,COURSE,4.8,Beginner,6k
502,Introduction to International Criminal Law,Social Sciences,Case Western Reserve University,COURSE,4.8,Mixed,82k
503,Introduction to Marketing,Business,University of Pennsylvania,COURSE,4.8,Mixed,220k
504,Introduction to Mathematical Thinking,Math and Logic,Stanford University,COURSE,4.8,Intermediate,270k
505,Introduction to Operations Management,Business,University of Pennsylvania,COURSE,4.5,Mixed,87k
506,Introduction to Personal Branding,Business,University of Virginia,COURSE,4.4,Beginner,140k
507,Introduction to Philosophy,Social Sciences,The University of Edinburgh,COURSE,4.6,Mixed,370k
508,Introduction to Portfolio Construction and Analysis with Python,Business,EDHEC Business School,COURSE,4.8,Mixed,11k
509,Introduction to Probability and Data,Data Science,Duke University,COURSE,4.7,Beginner,160k
510,Introduction to Programming in C,Computer Science,Duke University,SPECIALIZATION,4.7,Beginner,82k
511,Introduction to Programming with MATLAB,Computer Science,Vanderbilt University,COURSE,4.8,Beginner,270k
512,Introduction to Psychology,Health,Yale University,COURSE,4.9,Beginner,270k
513,Introduction to Scripting in Python,Computer Science,Rice University,SPECIALIZATION,4.7,Beginner,49k
514,Introduction to Self-Driving Cars,Computer Science,University of Toronto,COURSE,4.8,Advanced,39k
515,Introduction to Spreadsheets and Models,Business,University of Pennsylvania,COURSE,4.2,Mixed,76k
516,Introduction to Statistics & Data Analysis in Public Health,Data Science,Imperial College London,COURSE,4.7,Beginner,12k
517,Introduction to Sustainability,Business,University of Illinois at Urbana-Champaign,COURSE,4.8,Mixed,69k
518,Introduction to Systematic Review and Meta-Analysis,Health,Johns Hopkins University,COURSE,4.8,Mixed,67k
519,Introduction to Systems Engineering,Physical Science and Engineering,UNSW Sydney (The University of New South Wales),COURSE,4.7,Mixed,33k
520,"Introduction to TensorFlow for Artificial Intelligence, Machine Learning, and Deep Learning",Computer Science,deeplearning.ai,COURSE,4.7,Intermediate,150k
521,Introduction to Thermodynamics: Transferring Energy from Here to There,Physical Science and Engineering,University of Michigan,COURSE,4.8,Beginner,4.1k
522,"Introduction to Trading, Machine Learning & GCP",Data Science,New York Institute of Finance,COURSE,4,Intermediate,13k
523,Introduction to Typography,Arts and Humanities,California Institute of the Arts,COURSE,4.8,Beginner,72k
524,Introduction to User Experience Design,Business,Georgia Institute of Technology,COURSE,4.5,Beginner,87k
525,Introduction to User Experience Principles and Processes,Business,University of Michigan,COURSE,4.8,Beginner,16k
526,Introduction to Web Development,Computer Science,"University of California, Davis",COURSE,4.7,Beginner,76k
527,Introduction to the Biology of Cancer,Health,Johns Hopkins University,COURSE,4.8,Beginner,110k
528,Introductory Human Physiology,Health,Duke University,COURSE,4.7,Mixed,270k
529,Introdu癟瓊o aos Princ穩pios e Pr獺ticas da Gest瓊o De Projetos,Business,Universidade de S瓊o Paulo,SPECIALIZATION,4.9,Beginner,4.5k
530,Introdu癟瓊o ? Ci礙ncia da Computa癟瓊o com Python Parte 1,Computer Science,Universidade de S瓊o Paulo,COURSE,4.9,Beginner,120k
531,Investment Management,Business,University of Geneva,SPECIALIZATION,4.7,Beginner,99k
532,Investment Management with Python and Machine Learning,Business,EDHEC Business School,SPECIALIZATION,4.6,Beginner,14k
533,Investment and Portfolio Management,Business,Rice University,SPECIALIZATION,4.5,Beginner,49k
534,Japanese for beginners 1,Language Learning,Saint Petersburg State University,COURSE,4.6,Beginner,4.4k
535,Java Programming and Software Engineering Fundamentals,Computer Science,Duke University,SPECIALIZATION,4.6,Beginner,380k
536,Java Programming: Solving Problems with Software,Computer Science,Duke University,COURSE,4.6,Beginner,160k
537,Julia Scientific Programming,Computer Science,University of Cape Town,COURSE,4.5,Beginner,22k
538,Kotlin for Java Developers,Computer Science,JetBrains,COURSE,4.7,Intermediate,37k
539,L'excellence op矇rationnelle en pratique,Business,ESSEC Business School,COURSE,4.7,Beginner,8k
540,"L'impact investing, la finance qui change le monde",Business,ESSEC Business School,SPECIALIZATION,4.6,Beginner,6.3k
541,Leadership Development for Engineers,Business,Rice University,SPECIALIZATION,4.7,Beginner,17k
542,Leadership in 21st Century Organizations,Business,Copenhagen Business School,COURSE,4.7,Mixed,34k
543,Leading Healthcare Quality and Safety,Health,The George Washington University,COURSE,4.8,Beginner,16k
544,Leading People and Teams,Business,University of Michigan,SPECIALIZATION,4.7,Beginner,220k
545,"Leading for Equity, Diversity and Inclusion in Higher Education",Personal Development,University of Michigan,COURSE,4.7,Intermediate,5.9k
546,Leading: Human Resource Management and Leadership,Business,Macquarie University,SPECIALIZATION,4.8,Intermediate,16k
547,Learn Chinese: HSK Test Preparation,Language Learning,Peking University,SPECIALIZATION,4.8,Beginner,43k
548,Learn English,Language Learning,Tsinghua University,SPECIALIZATION,4.3,Beginner,22k
549,Learn English: Advanced Academic Speaking and Listening,Language Learning,"University of California, Irvine",SPECIALIZATION,4.5,Intermediate,78k
550,Learn English: Advanced Grammar and Punctuation,Language Learning,"University of California, Irvine",SPECIALIZATION,4.8,Advanced,52k
551,Learn English: Intermediate Grammar,Language Learning,"University of California, Irvine",SPECIALIZATION,4.7,Intermediate,120k
552,Learn Mandarin Chinese,Language Learning,Shanghai Jiao Tong University,SPECIALIZATION,4.8,Beginner,39k
553,Learn SQL Basics for Data Science,Data Science,"University of California, Davis",SPECIALIZATION,4.6,Beginner,160k
554,Learn Spanish: Basic Spanish Vocabulary,Computer Science,"University of California, Davis",SPECIALIZATION,4.6,Beginner,80k
555,Learn to Program: The Fundamentals,Computer Science,University of Toronto,COURSE,4.8,Beginner,180k
556,Learn to Speak Korean 1,Language Learning,Yonsei University,COURSE,4.9,Beginner,120k
557,Learning to Teach Online,Social Sciences,UNSW Sydney (The University of New South Wales),COURSE,4.7,Beginner,68k
558,Legal Tech & Startups,Business,IE Business School,COURSE,4.5,Intermediate,7.2k
559,Les Fondamentaux de la N矇gociation,Business,ESSEC Business School,COURSE,4.7,Beginner,10k
560,Liderazgo efectivo para el siglo XXI,Personal Development,Universidad de los Andes,SPECIALIZATION,4.8,Intermediate,23k
561,Linear Circuits 1: DC Analysis,Physical Science and Engineering,Georgia Institute of Technology,COURSE,4.6,Mixed,29k
562,Love as a Force for Social Justice,Arts and Humanities,Stanford University,COURSE,4.7,Beginner,14k
563,Machine Learning,Data Science,University of Washington,SPECIALIZATION,4.6,Intermediate,290k
564,Machine Learning,Data Science,Stanford University,COURSE,4.9,Mixed,3.2m
565,Machine Learning Foundations: A Case Study Approach,Data Science,University of Washington,COURSE,4.6,Mixed,240k
566,Machine Learning and Reinforcement Learning in Finance,Data Science,New York University,SPECIALIZATION,3.7,Intermediate,29k
567,Machine Learning for All,Computer Science,University of London,COURSE,4.6,Beginner,19k
568,Machine Learning for Business Professionals,Data Science,Google Cloud,COURSE,4.6,Intermediate,58k
569,Machine Learning for Trading,Data Science,Google Cloud,SPECIALIZATION,3.9,Intermediate,15k
570,Machine Learning with Python,Data Science,IBM,COURSE,4.7,Intermediate,120k
571,Machine Learning with TensorFlow on Google Cloud Platform,Computer Science,Google Cloud,SPECIALIZATION,4.5,Intermediate,72k
572,Magic in the Middle Ages,Arts and Humanities,Universitat de Barcelona,COURSE,4.6,Beginner,78k
573,Making Architecture,Physical Science and Engineering,IE School of Architecture & Design,COURSE,4.7,Beginner,43k
574,Management of Fashion and Luxury Companies,Business,Universit? Bocconi,COURSE,4.7,Mixed,120k
575,Managerial Accounting Fundamentals,Business,University of Virginia,COURSE,4.9,Beginner,11k
576,Managerial Economics and Business Analysis,Business,University of Illinois at Urbana-Champaign,SPECIALIZATION,4.7,Beginner,55k
577,Managing Innovation and Design Thinking,Business,HEC Paris,SPECIALIZATION,4.7,Beginner,23k
578,Managing Project Risks and Changes,Business,"University of California, Irvine",COURSE,4.7,Mixed,71k
579,Managing Social and Human Capital,Business,University of Pennsylvania,COURSE,4.5,Beginner,27k
580,Managing Your Health: The Role of Physical Therapy and Exercise,Health,University of Toronto,COURSE,4.6,Beginner,47k
581,Market Research,Business,"University of California, Davis",SPECIALIZATION,4.5,Beginner,22k
582,Marketing Digital,Business,Universidade de S瓊o Paulo,COURSE,4.8,Beginner,81k
583,Marketing Digital,Business,Universidad Austral,SPECIALIZATION,4.7,Beginner,39k
584,Marketing Gerencial,Business,Universidad de Chile,COURSE,4.7,Intermediate,49k
585,Marketing Mix Implementation,Business,IE Business School,SPECIALIZATION,4.6,Beginner,93k
586,Marketing Strategy,Business,IE Business School,SPECIALIZATION,4.4,Beginner,57k
587,Marketing Verde,Business,Universidad de los Andes,COURSE,4.8,Mixed,58k
588,Marketing con Redes Sociales,Business,Tecnol籀gico de Monterrey,SPECIALIZATION,4.4,Intermediate,60k
589,Marketing in a Digital World,Business,University of Illinois at Urbana-Champaign,COURSE,4.7,Beginner,310k
590,Mastering Data Analysis in Excel,Data Science,Duke University,COURSE,4.2,Mixed,280k
591,Mastering Final Cut Pro,Business,LearnQuest,COURSE,4.6,Beginner,8.4k
592,Mastering Software Development in R,Data Science,Johns Hopkins University,SPECIALIZATION,4.3,Beginner,52k
593,Materials Science: 10 Things Every Engineer Should Know,Physical Science and Engineering,"University of California, Davis",COURSE,4.7,Mixed,48k
594,Mathematics for Data Science,Math and Logic,National Research University Higher School of Economics,SPECIALIZATION,4.5,Beginner,12k
595,Mathematics for Machine Learning,Data Science,Imperial College London,SPECIALIZATION,4.6,Beginner,150k
596,Mathematics for Machine Learning: Linear Algebra,Data Science,Imperial College London,COURSE,4.7,Beginner,140k
597,Mathematics for Machine Learning: Multivariate Calculus,Data Science,Imperial College London,COURSE,4.7,Beginner,51k
598,Mathematics for Machine Learning: PCA,Data Science,Imperial College London,COURSE,4,Intermediate,33k
599,Medical Cannabis: The Health Effects of THC and CBD,Health,University of Colorado Boulder,SPECIALIZATION,4.8,Beginner,4.8k
600,Medical Neuroscience,Language Learning,Duke University,COURSE,4.9,Advanced,170k
601,Memoir and Personal Essay: Write About Yourself,Arts and Humanities,Wesleyan University,SPECIALIZATION,4.3,Beginner,13k
602,Methods and Statistics in Social Sciences,Social Sciences,University of Amsterdam,SPECIALIZATION,4.6,Beginner,260k
603,Microeconomics Principles,Business,University of Illinois at Urbana-Champaign,COURSE,4.9,Beginner,73k
604,Microeconomics: The Power of Markets,Business,University of Pennsylvania,COURSE,4.7,Mixed,34k
605,Mindshift: Break Through Obstacles to Learning and Discover Your Hidden Potential,Personal Development,McMaster University,COURSE,4.8,Beginner,230k
606,Miracles of Human Language: An Introduction to Linguistics,Language Learning,Universiteit Leiden,COURSE,4.7,Beginner,120k
607,Model Thinking,Business,University of Michigan,COURSE,4.8,Mixed,130k
608,Modeling Risk and Realities,Business,University of Pennsylvania,COURSE,4.6,Mixed,36k
609,Modern Art & Ideas,Arts and Humanities,The Museum of Modern Art,COURSE,4.7,Beginner,310k
610,Modern Big Data Analysis with SQL,Data Science,Cloudera,SPECIALIZATION,4.8,Beginner,14k
611,"Modern Robotics:  Mechanics, Planning, and Control",Physical Science and Engineering,Northwestern University,SPECIALIZATION,4.7,Intermediate,21k
612,Modernizing Data Lakes and Data Warehouses with GCP,Data Science,Google Cloud,COURSE,4.7,Intermediate,9.1k
613,Moral Foundations of Politics,Social Sciences,Yale University,COURSE,4.8,Mixed,100k
614,More Introduction to Financial Accounting,Business,University of Pennsylvania,COURSE,4.9,Mixed,40k
615,Mountains 101,Physical Science and Engineering,University of Alberta,COURSE,4.9,Mixed,44k
616,Municipal Solid Waste Management in Developing Countries,Physical Science and Engineering,?cole Polytechnique F矇d矇rale de Lausanne,COURSE,4.8,Intermediate,59k
617,Music Business,Business,Berklee College of Music,SPECIALIZATION,4.8,Beginner,42k
618,Music Business Foundations,Arts and Humanities,Berklee College of Music,COURSE,4.9,Mixed,34k
619,Music Production,Arts and Humanities,Berklee College of Music,SPECIALIZATION,4.8,Beginner,70k
620,Nanotechnology: A Maker? Course,Physical Science and Engineering,Duke University,COURSE,4.8,Mixed,21k
621,Natural Language Processing in TensorFlow,Computer Science,deeplearning.ai,COURSE,4.6,Intermediate,40k
622,Negociaci籀n exitosa: Estrategias y habilidades esenciales (en espa簽ol),Business,University of Michigan,COURSE,4.8,Mixed,95k
623,"Negotiation, Mediation and Conflict Resolution",Business,ESSEC Business School,SPECIALIZATION,4.7,Beginner,22k
624,Networking and Security Architecture with VMware NSX,Information Technology,VMware,COURSE,4.8,Intermediate,17k
625,Networking in Google Cloud,Information Technology,Google Cloud,SPECIALIZATION,4.7,Intermediate,290k
626,Neural Networks and Deep Learning,Data Science,deeplearning.ai,COURSE,4.9,Intermediate,630k
627,Neurolinguistics,Health,Saint Petersburg State University,COURSE,4.7,Mixed,41k
628,New Approaches to Countering Terror: Countering Violent Extremism,Social Sciences,"University of Maryland, College Park",COURSE,4.7,Beginner,12k
629,Newborn Baby Care,Health,University of Colorado System,SPECIALIZATION,4.8,Beginner,5.3k
630,Nutrici籀n y obesidad: control de sobrepeso,Health,Universidad Nacional Aut籀noma de M矇xico,COURSE,4.8,Beginner,100k
631,Nutrition and Lifestyle in Pregnancy,Health,Ludwig-Maximilians-Universit瓣t M羹nchen (LMU),COURSE,4.8,Intermediate,35k
632,Object Oriented Java Programming: Data Structures and Beyond,Computer Science,University of California San Diego,SPECIALIZATION,4.7,Intermediate,250k
633,Object Oriented Programming in Java,Computer Science,Duke University,SPECIALIZATION,4.6,Beginner,330k
634,Object-Oriented Data Structures in C++,Computer Science,University of Illinois at Urbana-Champaign,COURSE,4.7,Intermediate,21k
635,Object-Oriented Design,Business,University of Alberta,COURSE,4.7,Intermediate,33k
636,Oil & Gas Industry Operations and Markets,Business,Duke University,COURSE,4.8,Mixed,57k
637,"Open Source Software Development, Linux and Git",Computer Science,The Linux Foundation,SPECIALIZATION,4.4,Beginner,13k
638,Operating Systems and You: Becoming a Power User,Information Technology,Google,COURSE,4.6,Beginner,76k
639,Operations Analytics,Business,University of Pennsylvania,COURSE,4.7,Mixed,80k
640,Optical Engineering,Physical Science and Engineering,University of Colorado Boulder,SPECIALIZATION,4.2,Advanced,6.2k
641,Organizational Leadership,Business,Northwestern University,SPECIALIZATION,4.7,Intermediate,92k
642,Osteoarchaeology: The Truth in Our Bones,Health,Universiteit Leiden,COURSE,4.7,Beginner,22k
643,Palliative Care: It's Not Just Hospice Anymore,Health,University of Colorado System,SPECIALIZATION,4.8,Beginner,3.2k
644,Palo Alto Networks Cybersecurity,Information Technology,Palo Alto Networks,SPECIALIZATION,4.6,Beginner,9.1k
645,"Parallel, Concurrent, and Distributed Programming in Java",Computer Science,Rice University,SPECIALIZATION,4.5,Intermediate,30k
646,Particle Physics: an Introduction,Physical Science and Engineering,University of Geneva,COURSE,4.5,Mixed,42k
647,Patient Safety,Health,Johns Hopkins University,SPECIALIZATION,4.8,Beginner,8.8k
648,Patrocinio Deportivo,Business,Universitat Aut簷noma de Barcelona,COURSE,4.6,Beginner,12k
649,People Analytics,Data Science,University of Pennsylvania,COURSE,4.5,Mixed,84k
650,Perfect Tenses and Modals,Language Learning,"University of California, Irvine",COURSE,4.7,Intermediate,79k
651,Periodismo digital y combate a las fake news,Social Sciences,Universidad Nacional Aut籀noma de M矇xico,COURSE,4.9,Beginner,8.9k
652,Photography Basics and Beyond: From Smartphone to DSLR,Arts and Humanities,Michigan State University,SPECIALIZATION,4.7,Beginner,160k
653,Plant Bioinformatic Methods,Physical Science and Engineering,University of Toronto,SPECIALIZATION,4.7,Beginner,83k
654,Politics and Economics of International Energy,Social Sciences,Sciences Po,COURSE,4.7,Beginner,34k
655,Positive Psychiatry and Mental Health,Health,The University of Sydney,COURSE,4.8,Mixed,72k
656,Positive Psychology,Health,The University of North Carolina at Chapel Hill,COURSE,4.7,Mixed,180k
657,Positive Psychology: Applications and Interventions,Health,University of Pennsylvania,COURSE,4.8,Beginner,23k
658,Positive Psychology: Martin E. P. Seligman? Visionary Science,Health,University of Pennsylvania,COURSE,4.8,Beginner,50k
659,Positive Psychology: Resilience Skills,Health,University of Pennsylvania,COURSE,4.6,Beginner,40k
660,Power Electronics,Physical Science and Engineering,University of Colorado Boulder,SPECIALIZATION,4.8,Intermediate,67k
661,Practical Data Science with MATLAB,Computer Science,MathWorks,SPECIALIZATION,4.7,Beginner,10k
662,Practical Time Series Analysis,Data Science,The State University of New York,COURSE,4.6,Intermediate,39k
663,Preparing for the Google Cloud Associate Cloud Engineer Exam,Information Technology,Google Cloud,COURSE,4.7,Beginner,22k
664,Preparing to Manage Human Resources,Business,University of Minnesota,COURSE,4.8,Mixed,68k
665,"Presentation Skills: Speechwriting, Slides and Delivery",Business,E-Learning Development Fund,SPECIALIZATION,4.6,Beginner,47k
666,Pricing Strategy Optimization,Business,BCG,SPECIALIZATION,4.8,Beginner,20k
667,Primeros Auxilios Psicol籀gicos (PAP),Health,Universitat Aut簷noma de Barcelona,COURSE,4.8,Mixed,280k
668,Private Equity and Venture Capital,Business,Universit? Bocconi,COURSE,4.8,Mixed,79k
669,Probabilistic Graphical Models 1: Representation,Data Science,Stanford University,COURSE,4.7,Advanced,68k
670,Probability and Statistics: To p or not to p?,Data Science,University of London,COURSE,4.6,Beginner,36k
671,Process Mining: Data science in Action,Data Science,Eindhoven University of Technology,COURSE,4.8,Intermediate,39k
672,"Programming Foundations with JavaScript, HTML and CSS",Computer Science,Duke University,COURSE,4.6,Beginner,250k
673,Programming Fundamentals,Computer Science,Duke University,COURSE,4.7,Beginner,19k
674,Programming for Everybody (Getting Started with Python),Computer Science,University of Michigan,COURSE,4.8,Mixed,1.3m
675,Programming with Google Go,Computer Science,"University of California, Irvine",SPECIALIZATION,4.6,Intermediate,18k
676,Project Execution,Business,"University of California, Irvine",COURSE,4.2,Beginner,70k
677,Project Launch,Business,"University of California, Irvine",COURSE,4.7,Beginner,190k
678,Project Management & Other Tools for Career Development,Business,"University of California, Irvine",SPECIALIZATION,4.6,Beginner,440k
679,Project Management Principles and Practices,Business,"University of California, Irvine",SPECIALIZATION,4.7,Beginner,230k
680,Psychological First Aid,Health,Johns Hopkins University,COURSE,4.8,Mixed,190k
681,Public Policy Challenges of the 21st Century,Social Sciences,University of Virginia,COURSE,4.6,Beginner,52k
682,Python Basics,Computer Science,University of Michigan,COURSE,4.8,Beginner,110k
683,Python Classes and Inheritance,Computer Science,University of Michigan,COURSE,4.7,Intermediate,21k
684,Python Data Structures,Data Science,University of Michigan,COURSE,4.9,Mixed,420k
685,"Python Functions, Files, and Dictionaries",Computer Science,University of Michigan,COURSE,4.8,Beginner,26k
686,Python and Statistics for Financial Analysis,Data Science,The Hong Kong University of Science and Technology,COURSE,4.4,Intermediate,41k
687,Python for Data Science and AI,Data Science,IBM,COURSE,4.6,Beginner,170k
688,Python for Everybody,Computer Science,University of Michigan,SPECIALIZATION,4.8,Beginner,1.5m
689,Quantitative Methods,Data Science,University of Amsterdam,COURSE,4.7,Mixed,69k
690,Queering Identities: LGBTQ+ Sexuality and Gender Identity,Social Sciences,University of Colorado System,COURSE,4.9,Beginner,3k
691,R Programming,Data Science,Johns Hopkins University,COURSE,4.6,Intermediate,480k
692,"Ready, Set, Future! Introduction to Futures Thinking",Business,Institute for the Future,COURSE,4.8,Beginner,7.7k
693,Recommender Systems,Data Science,University of Minnesota,SPECIALIZATION,4.3,Intermediate,29k
694,"Recruiting, Hiring, and Onboarding Employees",Business,University of Minnesota,COURSE,4.7,Mixed,35k
695,Reinforcement Learning,Data Science,University of Alberta,SPECIALIZATION,4.7,Intermediate,23k
696,Renewable Energy and Green Building Entrepreneurship,Business,Duke University,COURSE,4.7,Beginner,24k
697,Reporting extra-financier et strat矇gie RSE,Business,ESSEC Business School,COURSE,4.7,Beginner,5.2k
698,Requirements Engineering: Secure Software  Specifications,Computer Science,University of Colorado System,SPECIALIZATION,4.6,Beginner,7.2k
699,Research Data Management and Sharing,Data Science,The University of Edinburgh,COURSE,4.6,Mixed,16k
700,"Resilience in Children Exposed to Trauma, Disaster and War: Global Perspectives",Health,University of Minnesota,COURSE,4.8,Mixed,15k
701,Responsive Website Development and Design,Computer Science,"Goldsmiths, University of London",SPECIALIZATION,4.5,Beginner,170k
702,Rethinking International Tax Law,Social Sciences,Universiteit Leiden,COURSE,4.9,Mixed,36k
703,Revis瓊o Sistem獺tica e Meta-an獺lise,Health,Universidade Estadual de Campinas,COURSE,4.9,Intermediate,17k
704,Robotics,Physical Science and Engineering,University of Pennsylvania,SPECIALIZATION,4.4,Beginner,120k
705,Roman Architecture,Arts and Humanities,Yale University,COURSE,4.9,Beginner,30k
706,Russian Alphabet,Language Learning,Saint Petersburg State University,COURSE,4.7,Beginner,3.2k
707,Russian for beginners ?1. ????郕邽邿 ?郱?郕: A1,Language Learning,Saint Petersburg State University,SPECIALIZATION,4.7,Beginner,7k
708,R矇ussir le Changement,Business,ESSEC Business School,COURSE,4.5,Mixed,33k
709,SAS Programmer,Data Science,SAS,PROFESSIONAL CERTIFICATE,4.8,Beginner,370k
710,SAS Visual Business Analytics,Data Science,SAS,PROFESSIONAL CERTIFICATE,4.6,Beginner,2.6k
711,SQL for Data Science,Data Science,"University of California, Davis",COURSE,4.6,Beginner,160k
712,Sales Operations/Management,Business,West Virginia University,SPECIALIZATION,4.4,Beginner,5.6k
713,Sales Training for High Performing Teams,Business,HubSpot Academy,SPECIALIZATION,4.7,Beginner,16k
714,Sample-based Learning Methods,Data Science,University of Alberta,COURSE,4.8,Intermediate,6.8k
715,Scaling Operations: Linking Strategy and Execution,Business,Northwestern University,COURSE,4.5,Mixed,12k
716,School Health for Children and Adolescents,Health,University of Colorado System,SPECIALIZATION,4.8,Beginner,9.1k
717,Science of Exercise,Health,University of Colorado Boulder,COURSE,4.8,Beginner,140k
718,Search Engine Optimization Fundamentals,Business,"University of California, Davis",COURSE,4.7,Mixed,47k
719,Secure Coding Practices,Computer Science,"University of California, Davis",SPECIALIZATION,4.4,Intermediate,6.4k
720,Security & Safety Challenges in a Globalized World,Social Sciences,Universiteit Leiden,COURSE,4.7,Beginner,14k
721,Security in Google Cloud Platform,Information Technology,Google Cloud,SPECIALIZATION,4.7,Intermediate,300k
722,Self-Driving Cars,Business,University of Toronto,SPECIALIZATION,4.7,Advanced,39k
723,Sequence Models,Data Science,deeplearning.ai,COURSE,4.8,Intermediate,14k
724,Sexualidad...mucho m獺s que sexo,Health,Universidad de los Andes,COURSE,4.8,Beginner,110k
725,Sharpened Visions: A Poetry Workshop,Arts and Humanities,California Institute of the Arts,COURSE,4.7,Beginner,61k
726,Site Reliability Engineering: Measuring and Managing Reliability,Information Technology,Google Cloud,COURSE,4.5,Advanced,16k
727,Six Sigma Green Belt,Business,University System of Georgia,SPECIALIZATION,4.7,Intermediate,18k
728,Six Sigma and the Organization (Advanced),Business,University System of Georgia,COURSE,4.7,Intermediate,15k
729,"Sleep: Neurobiology, Medicine, and Society",Health,University of Michigan,COURSE,4.8,Beginner,20k
730,Smart Cities ??Management of Smart Urban Infrastructures,Social Sciences,?cole Polytechnique F矇d矇rale de Lausanne,COURSE,4.6,Beginner,22k
731,Social Entrepreneurship,Business,Copenhagen Business School,SPECIALIZATION,4.6,Beginner,13k
732,Social Media Marketing,Business,Northwestern University,SPECIALIZATION,4.6,Beginner,130k
733,"Social Norms, Social Change I",Social Sciences,University of Pennsylvania,COURSE,4.6,Beginner,78k
734,Social Policy for Social Services & Health Practitioners,Social Sciences,Columbia University,SPECIALIZATION,4.8,Beginner,4.2k
735,Social Psychology,Health,Wesleyan University,COURSE,4.7,Beginner,220k
736,Social and Economic Networks:  Models and Analysis,Social Sciences,Stanford University,COURSE,4.8,Advanced,42k
737,Software Design and Architecture,Computer Science,University of Alberta,SPECIALIZATION,4.6,Beginner,60k
738,Software Development Lifecycle,Computer Science,University of Minnesota,SPECIALIZATION,4.6,Intermediate,34k
739,Software Processes and Agile Practices,Computer Science,University of Alberta,COURSE,4.7,Mixed,60k
740,Software Product Management,Computer Science,University of Alberta,SPECIALIZATION,4.6,Beginner,110k
741,Solar Energy Basics,Physical Science and Engineering,The State University of New York,COURSE,4.8,Beginner,17k
742,Songwriting: Writing the Lyrics,Arts and Humanities,Berklee College of Music,COURSE,4.8,Beginner,68k
743,Soporte de Tecnolog穩as de la Informaci籀n de Google,Information Technology,Crece con Google,PROFESSIONAL CERTIFICATE,4.9,Beginner,8.8k
744,Spacecraft Dynamics and Control,Physical Science and Engineering,University of Colorado Boulder,SPECIALIZATION,4.8,Advanced,12k
745,Spanish Vocabulary: Meeting People,Language Learning,"University of California, Davis",COURSE,4.6,Beginner,71k
746,"Speak English Professionally: In Person, Online & On the Phone",Language Learning,Georgia Institute of Technology,COURSE,4.6,Mixed,430k
747,Sports Marketing,Business,Northwestern University,COURSE,4.7,Intermediate,12k
748,Sports and Society,Social Sciences,Duke University,COURSE,4.8,Mixed,16k
749,Stanford Introduction to Food and Health,Health,Stanford University,COURSE,4.7,Beginner,370k
750,Stanford's Short Course on Breastfeeding,Health,Stanford University,COURSE,4.7,Beginner,17k
751,Statistical Analysis with R for Public Health,Data Science,Imperial College London,SPECIALIZATION,4.7,Beginner,16k
752,Statistics with Python,Data Science,University of Michigan,SPECIALIZATION,4.6,Beginner,34k
753,Statistics with R,Data Science,Duke University,SPECIALIZATION,4.7,Beginner,220k
754,Stories of Infection,Health,Stanford University,COURSE,4.9,Intermediate,28k
755,Strategic Business Analytics,Business,ESSEC Business School,SPECIALIZATION,4.3,Advanced,60k
756,Strategic Business Management - Microeconomics,Business,"University of California, Irvine",COURSE,4.7,Beginner,9.5k
757,Strategic Leadership and Management,Business,University of Illinois at Urbana-Champaign,SPECIALIZATION,4.7,Beginner,100k
758,Strategic Management,Business,Copenhagen Business School,COURSE,4.7,Mixed,58k
759,Strategic Management and Innovation,Business,Copenhagen Business School,SPECIALIZATION,4.7,Beginner,68k
760,Strategic Sales Management,Business,Funda癟瓊o Instituto de Administra癟瓊o,SPECIALIZATION,4.5,Intermediate,9.2k
761,Strategising: Management for Global Competitive Advantage,Business,Macquarie University,SPECIALIZATION,4.8,Intermediate,30k
762,Strategy and Sustainability,Business,IESE Business School,COURSE,4.6,Beginner,11k
763,Structuring Machine Learning Projects,Data Science,deeplearning.ai,COURSE,4.8,Beginner,220k
764,Success,Personal Development,University of Pennsylvania,COURSE,4.8,Beginner,38k
765,Successful Negotiation: Essential Strategies and Skills,Business,University of Michigan,COURSE,4.8,Mixed,750k
766,Summary Statistics in Public Health,Health,Johns Hopkins University,COURSE,4.8,Beginner,11k
767,Supply Chain Analytics,Business,Rutgers the State University of New Jersey,COURSE,4.7,Beginner,7.9k
768,Supply Chain Finance and Blockchain Technology,Business,New York Institute of Finance,SPECIALIZATION,4.6,Intermediate,4.9k
769,Supply Chain Logistics,Business,Rutgers the State University of New Jersey,COURSE,4.7,Beginner,66k
770,Supply Chain Management,Business,Rutgers the State University of New Jersey,SPECIALIZATION,4.7,Beginner,82k
771,Supply Chain Operations,Business,Rutgers the State University of New Jersey,COURSE,4.8,Beginner,24k
772,Supply Chain Principles,Business,Georgia Institute of Technology,COURSE,4.6,Mixed,29k
773,Supporting children with difficulties in reading and writing,Social Sciences,UCL Institute of Education,COURSE,4.8,Mixed,50k
774,Survey Data Collection and Analytics,Data Science,"University of Maryland, College Park",SPECIALIZATION,4.3,Beginner,45k
775,Sustainable Tourism ??promoting environmental public health,Health,University of Copenhagen,COURSE,4.6,Beginner,9.4k
776,Swift 5 iOS Application Developer,Computer Science,LearnQuest,SPECIALIZATION,4.5,Beginner,3.9k
777,System Administration and IT Infrastructure Services,Information Technology,Google,COURSE,4.7,Beginner,62k
778,Systems Biology and Biotechnology,Health,Icahn School of Medicine at Mount Sinai,SPECIALIZATION,4.4,Intermediate,48k
779,Systems Thinking In Public Health,Health,Johns Hopkins University,COURSE,4.9,Mixed,33k
780,"TESOL Certificate, Part 1: Teach English Now!",Language Learning,Arizona State University,SPECIALIZATION,4.9,Beginner,100k
781,"TESOL Certificate, Part 2: Teach English Now!",Language Learning,Arizona State University,SPECIALIZATION,4.9,Beginner,62k
782,Teach English Now! Foundational Principles,Language Learning,Arizona State University,COURSE,4.9,Mixed,81k
783,Teach English Now! Teaching Language Online,Language Learning,Arizona State University,COURSE,4.4,Intermediate,8.5k
784,Teaching Character and Creating Positive Classrooms,Social Sciences,Relay Graduate School of Education,COURSE,4.8,Mixed,53k
785,Teamwork Skills: Communicating Effectively in Groups,Business,University of Colorado Boulder,COURSE,4.8,Beginner,49k
786,Technical Support Fundamentals,Information Technology,Google,COURSE,4.8,Beginner,280k
787,TensorFlow in Practice,Computer Science,deeplearning.ai,SPECIALIZATION,4.7,Intermediate,170k
788,TensorFlow: Data and Deployment,Data Science,deeplearning.ai,SPECIALIZATION,4.5,Intermediate,12k
789,Terrorism and Counterterrorism: Comparing Theory and Practice,Social Sciences,Universiteit Leiden,COURSE,4.8,Beginner,90k
790,The Addicted Brain,Health,Emory University,COURSE,4.6,Beginner,130k
791,The Art of Music Production,Arts and Humanities,Berklee College of Music,COURSE,4.8,Intermediate,47k
792,The Art of Sales: Mastering the Selling Process,Business,Northwestern University,SPECIALIZATION,4.7,Beginner,23k
793,The Arts and Science of Relationships: Understanding Human Needs,Business,University of Toronto,COURSE,4.5,Beginner,73k
794,The Bits and Bytes of Computer Networking,Computer Science,Google,COURSE,4.7,Beginner,130k
795,The Business of Health Care,Health,University of Pennsylvania,SPECIALIZATION,4.6,Beginner,22k
796,The Business of Music Production,Arts and Humanities,Berklee College of Music,SPECIALIZATION,4.8,Beginner,84k
797,The Changing Global Order,Social Sciences,Universiteit Leiden,COURSE,4.7,Intermediate,23k
798,The Cycle: Management of Successful Arts and Cultural Organizations,Business,"University of Maryland, College Park",COURSE,4.8,Beginner,11k
799,The DIY Musician,Arts and Humanities,Berklee College of Music,SPECIALIZATION,4.8,Beginner,120k
800,The Data Scientist? Toolbox,Data Science,Johns Hopkins University,COURSE,4.6,Mixed,420k
801,The Economics of Health Care Delivery,Health,University of Pennsylvania,COURSE,4.8,Mixed,7.2k
802,The Global Financial Crisis,Business,Yale University,COURSE,4.8,Mixed,84k
803,The Horse Course: Introduction to Basic Care and Management,Health,University of Florida,COURSE,4.9,Mixed,29k
804,The Manager's Toolkit: A Practical Guide to Managing People at Work,Business,"Birkbeck, University of London",COURSE,4.6,Mixed,47k
805,"The Modern World, Part One: Global History from 1760 to 1910",Arts and Humanities,University of Virginia,COURSE,4.8,Beginner,130k
806,"The Modern World, Part Two: Global History since 1910",Arts and Humanities,University of Virginia,COURSE,4.8,Beginner,47k
807,The Oral Cavity: Portal to Health and Disease,Health,University of Pennsylvania,COURSE,4.9,Intermediate,9.4k
808,The Power of Macroeconomics: Economic Principles in the Real World,Business,"University of California, Irvine",COURSE,4.6,Mixed,180k
809,The Power of Microeconomics: Economic Principles in the Real World,Business,"University of California, Irvine",COURSE,4.7,Mixed,120k
810,The Pronunciation of American English,Language Learning,"University of California, Irvine",SPECIALIZATION,4.6,Beginner,1.7k
811,The Science of Gastronomy,Health,The Hong Kong University of Science and Technology,COURSE,4.6,Mixed,50k
812,The Science of Stem Cells,Health,American Museum of Natural History,COURSE,4.7,Intermediate,12k
813,The Science of Success: What Researchers Know that You Should Know,Business,University of Michigan,COURSE,4.8,Beginner,59k
814,The Science of Training Young Athletes,Personal Development,University of Florida,COURSE,4.9,Beginner,13k
815,The Science of Well-Being,Personal Development,Yale University,COURSE,4.9,Mixed,2.5m
816,The Singer Songwriter,Arts and Humanities,Berklee College of Music,SPECIALIZATION,4.8,Beginner,320k
817,The Social Context of Mental Health and Illness,Social Sciences,University of Toronto,COURSE,4.6,Mixed,19k
818,The Strategy of Content Marketing,Business,"University of California, Davis",COURSE,4.5,Intermediate,100k
819,"The Sustainable Development Goals ??A global, transdisciplinary vision for the future",Social Sciences,University of Copenhagen,COURSE,4.8,Beginner,26k
820,The Teacher and Social and Emotional Learning (SEL),Social Sciences,University of Colorado Boulder,SPECIALIZATION,4.7,Beginner,5.2k
821,The Technology of Music Production,Arts and Humanities,Berklee College of Music,COURSE,4.8,Beginner,28k
822,The Truth About Cats and Dogs,Health,The University of Edinburgh,COURSE,4.7,Mixed,33k
823,The hidden value ??Lean in manufacturing and services,Business,?cole des Ponts ParisTech,COURSE,4.7,Beginner,14k
824,Think Again I: How to Understand Arguments,Personal Development,Duke University,COURSE,4.6,Beginner,200k
825,Tools for Data Science,Data Science,IBM,COURSE,4.6,Beginner,120k
826,Trading Strategies in Emerging Markets,Business,Indian School of Business,SPECIALIZATION,4.3,Beginner,68k
827,"Transmedia Storytelling: Narrative worlds, emerging technologies, and global audiences",Business,UNSW Sydney (The University of New South Wales),COURSE,4.8,Mixed,45k
828,Tricky American English Pronunciation,Language Learning,"University of California, Irvine",COURSE,4.7,Beginner,110k
829,Troubles du spectre de l'autisme : diagnostic,Health,University of Geneva,COURSE,4.9,Intermediate,5.4k
830,U.S. Federal Taxation,Business,University of Illinois at Urbana-Champaign,SPECIALIZATION,4.8,Intermediate,12k
831,UCI Project Management,Business,"University of California, Irvine",PROFESSIONAL CERTIFICATE,4.6,Beginner,44k
832,UI / UX Design,Business,California Institute of the Arts,SPECIALIZATION,4.7,Beginner,68k
833,UX Design Fundamentals,Arts and Humanities,California Institute of the Arts,COURSE,4.8,Beginner,25k
834,Understanding Cancer Metastasis,Health,Johns Hopkins University,COURSE,4.8,Beginner,29k
835,Understanding Clinical Research: Behind the Statistics,Health,University of Cape Town,COURSE,4.8,Mixed,78k
836,Understanding Einstein: The Special Theory of Relativity,Physical Science and Engineering,Stanford University,COURSE,4.9,Beginner,89k
837,Understanding Medical Research: Your Facebook Friend is Wrong,Health,Yale University,COURSE,4.8,Beginner,24k
838,Understanding Modern Finance,Business,American Institute of Business and Economics,SPECIALIZATION,4.4,Intermediate,11k
839,Understanding Plants - Part I: What a Plant Knows,Health,Tel Aviv University,COURSE,4.8,Beginner,49k
840,Understanding Research Methods,Physical Science and Engineering,SOAS University of London,COURSE,4.5,Mixed,120k
841,Understanding and Visualizing Data with Python,Data Science,University of Michigan,COURSE,4.7,Beginner,30k
842,Understanding the Brain: The Neurobiology of Everyday Life,Health,The University of Chicago,COURSE,4.9,Beginner,130k
843,Unity Certified Programmer Exam Preparation,Computer Science,Unity,SPECIALIZATION,4.5,Intermediate,6.1k
844,Unity XR: How to Build AR and VR Apps,Computer Science,Unity,SPECIALIZATION,4.2,Beginner,12k
845,University Teaching,Social Sciences,The University of Hong Kong,COURSE,4.8,Beginner,9.5k
846,Unraveling the Cycling City,Social Sciences,University of Amsterdam,COURSE,4.9,Intermediate,3.9k
847,User Experience Research and Design,Business,University of Michigan,SPECIALIZATION,4.8,Beginner,23k
848,User Interface Design,Business,University of Minnesota,SPECIALIZATION,4.6,Intermediate,43k
849,Using Databases with Python,Data Science,University of Michigan,COURSE,4.8,Mixed,220k
850,Using Python to Access Web Data,Data Science,University of Michigan,COURSE,4.8,Mixed,310k
851,Using Python to Interact with the Operating System,Information Technology,Google,COURSE,4.7,Beginner,19k
852,Value Chain Management,Business,University of Illinois at Urbana-Champaign,SPECIALIZATION,4.7,Intermediate,63k
853,Version Control with Git,Computer Science,Atlassian,COURSE,4.8,Mixed,40k
854,Viral Marketing and How to Craft Contagious Content,Business,University of Pennsylvania,COURSE,4.7,Mixed,150k
855,Virtual Reality,Computer Science,"Goldsmiths, University of London",SPECIALIZATION,4.7,Beginner,37k
856,Virtual Teacher,Social Sciences,"University of California, Irvine",SPECIALIZATION,4.3,Beginner,23k
857,Vital Signs: Understanding What the Body Is Telling Us,Health,University of Pennsylvania,COURSE,4.8,Mixed,190k
858,Web Applications for Everybody,Computer Science,University of Michigan,SPECIALIZATION,4.8,Intermediate,120k
859,Web Design for Everybody: Basics of Web Development & Coding,Computer Science,University of Michigan,SPECIALIZATION,4.7,Beginner,280k
860,Weight Management: Beyond Balancing Calories,Health,Emory University,COURSE,4.7,Beginner,34k
861,What Is Contemporary Art?,Arts and Humanities,The Museum of Modern Art,COURSE,4.7,Beginner,120k
862,What future for education?,Social Sciences,UCL Institute of Education,COURSE,4.7,Mixed,35k
863,What is Compliance?,Business,University of Pennsylvania,COURSE,4.8,Mixed,6.2k
864,What is Data Science?,Data Science,IBM,COURSE,4.7,Beginner,260k
865,What is Social?,Social Sciences,Northwestern University,COURSE,4.6,Mixed,94k
866,Wine Tasting: Sensory Techniques for Wine Analysis,Personal Development,"University of California, Davis",COURSE,4.7,Beginner,32k
867,Wonders of Ancient Egypt,Arts and Humanities,University of Pennsylvania,COURSE,4.8,Intermediate,17k
868,Write A Feature Length Screenplay For Film Or Television,Arts and Humanities,Michigan State University,COURSE,4.9,Beginner,12k
869,Write Professional Emails in English,Business,Georgia Institute of Technology,COURSE,4.7,Mixed,270k
870,Write Your First Novel,Arts and Humanities,Michigan State University,COURSE,4.4,Beginner,18k
871,Writing in the Sciences,Health,Stanford University,COURSE,4.9,Beginner,140k
872,e-Learning Ecologies: Innovative Approaches to Teaching and Learning for the Digital Age,Business,University of Illinois at Urbana-Champaign,COURSE,4.5,Mixed,17k
873,iOS App Development with Swift,Computer Science,University of Toronto,SPECIALIZATION,3.9,Intermediate,76k
874,聶Qu矇 hacen los buenos directivos? Prioridades de la Alta Direcci籀n,Business,IESE Business School,COURSE,4.7,Beginner,25k
875,?tudier en France: French Intermediate course B1-B2,Language Learning,?cole Polytechnique,COURSE,4.8,Intermediate,190k
876,?xito Profesional,Personal Development,"University of California, Irvine",SPECIALIZATION,4.5,Beginner,69k
877,??郕????赲郋 赲迮迡迮郇邽? 訇邽郱郇迮?訄,Business,Saint Petersburg State University,SPECIALIZATION,4.6,Beginner,14k
878,??郕????赲郋 ?訄郱?訄訇郋?郕邽 郇訄 ?郋赲?迮邾迮郇郇郋邾 C++,Computer Science,E-Learning Development Fund,SPECIALIZATION,4.9,Intermediate,68k
879,?郋?郈郋?訄?邽赲郇?迮 ?邽郇訄郇?? 邽 ??郋邽邾郋??? 郕郋邾郈訄郇邽邽,Business,National Research University Higher School of Economics,SPECIALIZATION,4.5,Beginner,16k
880,?訄?迮邾訄?邽郕訄 邽 Python 迡郅? 訄郇訄郅邽郱訄 迡訄郇郇??,Data Science,E-Learning Development Fund,COURSE,4.8,Beginner,67k
881,?訄?邽郇郇郋迮 郋訇??迮郇邽迮 邽 訄郇訄郅邽郱 迡訄郇郇??,Data Science,E-Learning Development Fund,SPECIALIZATION,4.7,Intermediate,77k
882,??郇郋赲? Digital ?訄?郕迮?邽郇迣訄,Information Technology,National Research University Higher School of Economics,SPECIALIZATION,4.5,Intermediate,19k
883,??郇郋赲? 郈?郋迣?訄邾邾邽?郋赲訄郇邽? 郇訄 Python,Computer Science,National Research University Higher School of Economics,COURSE,4.6,Beginner,83k
884,??郇郋赲? ?訄郱?訄訇郋?郕邽 郇訄 C++: 訇迮郅?邿 郈郋??,Computer Science,E-Learning Development Fund,COURSE,4.9,Intermediate,41k
885,?郋迣??迠迮郇邽迮 赲 Python,Computer Science,Moscow Institute of Physics and Technology,COURSE,4.7,Intermediate,45k
886,??郋迣?訄邾邾邽?郋赲訄郇邽迮 郇訄 Python,Data Science,Mail.Ru Group,SPECIALIZATION,4.5,Intermediate,52k
887,??邽?郋郅邽郇迣赲邽??邽郕訄 (Psycholinguistics),Language Learning,Saint Petersburg State University,COURSE,4.8,Mixed,21k
888,?訄郱?訄訇郋?郕訄 邽郇?迮??迮邿?郋赲: 赲????郕訄 邽 JavaScript,Computer Science,E-Learning Development Fund,SPECIALIZATION,4.5,Intermediate,30k
889,????郕邽邿 郕訄郕 邽郇郋???訄郇郇?邿,Language Learning,Saint Petersburg State University,SPECIALIZATION,4.6,Intermediate,9.8k
890,苳邽郇訄郇?郋赲?迮 邽郇????邾迮郇?? 迡郅? ?訄??郇郋迣郋 邽郇赲迮??郋?訄,Business,National Research University Higher School of Economics,SPECIALIZATION,4.7,Beginner,38k
